customer_id,customer_number,first_name,last_name,email,created_at,updated_at
1,CUST-00000001,First00000001,Last00000001,customer00000001@example.com,2026-08-01T00:00:01+00:00,2026-08-01T00:00:01+00:00
2,CUST-00000002,First00000002,Last00000002,customer00000002@example.com,2026-08-01T00:00:02+00:00,2026-08-01T00:00:02+00:00
3,CUST-00000003,First00000003,Last00000003,customer00000003@example.com,2026-08-01T00:00:03+00:00,2026-08-01T00:00:03+00:00
4,CUST-00000004,First00000004,Last00000004,customer00000004@example.com,2026-08-01T00:00:04+00:00,2026-08-01T00:00:04+00:00
5,CUST-00000005,First00000005,Last00000005,customer00000005@example.com,2026-08-01T00:00:05+00:00,2026-08-01T00:00:05+00:00
6,CUST-00000006,First00000006,Last00000006,customer00000006@example.com,2026-08-01T00:00:06+00:00,2026-08-01T00:00:06+00:00
7,CUST-00000007,First00000007,Last00000007,customer00000007@example.com,2026-08-01T00:00:07+00:00,2026-08-01T00:00:07+00:00
8,CUST-00000008,First00000008,Last00000008,customer00000008@example.com,2026-08-01T00:00:08+00:00,2026-08-01T00:00:08+00:00
9,CUST-00000009,First00000009,Last00000009,customer00000009@example.com,2026-08-01T00:00:09+00:00,2026-08-01T00:00:09+00:00
10,CUST-00000010,First00000010,Last00000010,customer00000010@example.com,2026-08-01T00:00:10+00:00,2026-08-01T00:00:10+00:00
11,CUST-00000011,First00000011,Last00000011,customer00000011@example.com,2026-08-01T00:00:11+00:00,2026-08-01T00:00:11+00:00
12,CUST-00000012,First00000012,Last00000012,customer00000012@example.com,2026-08-01T00:00:12+00:00,2026-08-01T00:00:12+00:00
13,CUST-00000013,First00000013,Last00000013,customer00000013@example.com,2026-08-01T00:00:13+00:00,2026-08-01T00:00:13+00:00
14,CUST-00000014,First00000014,Last00000014,customer00000014@example.com,2026-08-01T00:00:14+00:00,2026-08-01T00:00:14+00:00
15,CUST-00000015,First00000015,Last00000015,customer00000015@example.com,2026-08-01T00:00:15+00:00,2026-08-01T00:00:15+00:00
16,CUST-00000016,First00000016,Last00000016,customer00000016@example.com,2026-08-01T00:00:16+00:00,2026-08-01T00:00:16+00:00
17,CUST-00000017,First00000017,Last00000017,customer00000017@example.com,2026-08-01T00:00:17+00:00,2026-08-01T00:00:17+00:00
18,CUST-00000018,First00000018,Last00000018,customer00000018@example.com,2026-08-01T00:00:18+00:00,2026-08-01T00:00:18+00:00
19,CUST-00000019,First00000019,Last00000019,customer00000019@example.com,2026-08-01T00:00:19+00:00,2026-08-01T00:00:19+00:00
20,CUST-00000020,First00000020,Last00000020,customer00000020@example.com,2026-08-01T00:00:20+00:00,2026-08-01T00:00:20+00:00
21,CUST-00000021,First00000021,Last00000021,customer00000021@example.com,2026-08-01T00:00:21+00:00,2026-08-01T00:00:21+00:00
22,CUST-00000022,First00000022,Last00000022,customer00000022@example.com,2026-08-01T00:00:22+00:00,2026-08-01T00:00:22+00:00
23,CUST-00000023,First00000023,Last00000023,customer00000023@example.com,2026-08-01T00:00:23+00:00,2026-08-01T00:00:23+00:00
24,CUST-00000024,First00000024,Last00000024,customer00000024@example.com,2026-08-01T00:00:24+00:00,2026-08-01T00:00:24+00:00
25,CUST-00000025,First00000025,Last00000025,customer00000025@example.com,2026-08-01T00:00:25+00:00,2026-08-01T00:00:25+00:00
26,CUST-00000026,First00000026,Last00000026,customer00000026@example.com,2026-08-01T00:00:26+00:00,2026-08-01T00:00:26+00:00
27,CUST-00000027,First00000027,Last00000027,customer00000027@example.com,2026-08-01T00:00:27+00:00,2026-08-01T00:00:27+00:00
28,CUST-00000028,First00000028,Last00000028,customer00000028@example.com,2026-08-01T00:00:28+00:00,2026-08-01T00:00:28+00:00
29,CUST-00000029,First00000029,Last00000029,customer00000029@example.com,2026-08-01T00:00:29+00:00,2026-08-01T00:00:29+00:00
30,CUST-00000030,First00000030,Last00000030,customer00000030@example.com,2026-08-01T00:00:30+00:00,2026-08-01T00:00:30+00:00
31,CUST-00000031,First00000031,Last00000031,customer00000031@example.com,2026-08-01T00:00:31+00:00,2026-08-01T00:00:31+00:00
32,CUST-00000032,First00000032,Last00000032,customer00000032@example.com,2026-08-01T00:00:32+00:00,2026-08-01T00:00:32+00:00
33,CUST-00000033,First00000033,Last00000033,customer00000033@example.com,2026-08-01T00:00:33+00:00,2026-08-01T00:00:33+00:00
34,CUST-00000034,First00000034,Last00000034,customer00000034@example.com,2026-08-01T00:00:34+00:00,2026-08-01T00:00:34+00:00
35,CUST-00000035,First00000035,Last00000035,customer00000035@example.com,2026-08-01T00:00:35+00:00,2026-08-01T00:00:35+00:00
36,CUST-00000036,First00000036,Last00000036,customer00000036@example.com,2026-08-01T00:00:36+00:00,2026-08-01T00:00:36+00:00
37,CUST-00000037,First00000037,Last00000037,customer00000037@example.com,2026-08-01T00:00:37+00:00,2026-08-01T00:00:37+00:00
38,CUST-00000038,First00000038,Last00000038,customer00000038@example.com,2026-08-01T00:00:38+00:00,2026-08-01T00:00:38+00:00
39,CUST-00000039,First00000039,Last00000039,customer00000039@example.com,2026-08-01T00:00:39+00:00,2026-08-01T00:00:39+00:00
40,CUST-00000040,First00000040,Last00000040,customer00000040@example.com,2026-08-01T00:00:40+00:00,2026-08-01T00:00:40+00:00
41,CUST-00000041,First00000041,Last00000041,customer00000041@example.com,2026-08-01T00:00:41+00:00,2026-08-01T00:00:41+00:00
42,CUST-00000042,First00000042,Last00000042,customer00000042@example.com,2026-08-01T00:00:42+00:00,2026-08-01T00:00:42+00:00
43,CUST-00000043,First00000043,Last00000043,customer00000043@example.com,2026-08-01T00:00:43+00:00,2026-08-01T00:00:43+00:00
44,CUST-00000044,First00000044,Last00000044,customer00000044@example.com,2026-08-01T00:00:44+00:00,2026-08-01T00:00:44+00:00
45,CUST-00000045,First00000045,Last00000045,customer00000045@example.com,2026-08-01T00:00:45+00:00,2026-08-01T00:00:45+00:00
46,CUST-00000046,First00000046,Last00000046,customer00000046@example.com,2026-08-01T00:00:46+00:00,2026-08-01T00:00:46+00:00
47,CUST-00000047,First00000047,Last00000047,customer00000047@example.com,2026-08-01T00:00:47+00:00,2026-08-01T00:00:47+00:00
48,CUST-00000048,First00000048,Last00000048,customer00000048@example.com,2026-08-01T00:00:48+00:00,2026-08-01T00:00:48+00:00
49,CUST-00000049,First00000049,Last00000049,customer00000049@example.com,2026-08-01T00:00:49+00:00,2026-08-01T00:00:49+00:00
50,CUST-00000050,First00000050,Last00000050,customer00000050@example.com,2026-08-01T00:00:50+00:00,2026-08-01T00:00:50+00:00
51,CUST-00000051,First00000051,Last00000051,customer00000051@example.com,2026-08-01T00:00:51+00:00,2026-08-01T00:00:51+00:00
52,CUST-00000052,First00000052,Last00000052,customer00000052@example.com,2026-08-01T00:00:52+00:00,2026-08-01T00:00:52+00:00
53,CUST-00000053,First00000053,Last00000053,customer00000053@example.com,2026-08-01T00:00:53+00:00,2026-08-01T00:00:53+00:00
54,CUST-00000054,First00000054,Last00000054,customer00000054@example.com,2026-08-01T00:00:54+00:00,2026-08-01T00:00:54+00:00
55,CUST-00000055,First00000055,Last00000055,customer00000055@example.com,2026-08-01T00:00:55+00:00,2026-08-01T00:00:55+00:00
56,CUST-00000056,First00000056,Last00000056,customer00000056@example.com,2026-08-01T00:00:56+00:00,2026-08-01T00:00:56+00:00
57,CUST-00000057,First00000057,Last00000057,customer00000057@example.com,2026-08-01T00:00:57+00:00,2026-08-01T00:00:57+00:00
58,CUST-00000058,First00000058,Last00000058,customer00000058@example.com,2026-08-01T00:00:58+00:00,2026-08-01T00:00:58+00:00
59,CUST-00000059,First00000059,Last00000059,customer00000059@example.com,2026-08-01T00:00:59+00:00,2026-08-01T00:00:59+00:00
60,CUST-00000060,First00000060,Last00000060,customer00000060@example.com,2026-08-01T00:01:00+00:00,2026-08-01T00:01:00+00:00
61,CUST-00000061,First00000061,Last00000061,customer00000061@example.com,2026-08-01T00:01:01+00:00,2026-08-01T00:01:01+00:00
62,CUST-00000062,First00000062,Last00000062,customer00000062@example.com,2026-08-01T00:01:02+00:00,2026-08-01T00:01:02+00:00
63,CUST-00000063,First00000063,Last00000063,customer00000063@example.com,2026-08-01T00:01:03+00:00,2026-08-01T00:01:03+00:00
64,CUST-00000064,First00000064,Last00000064,customer00000064@example.com,2026-08-01T00:01:04+00:00,2026-08-01T00:01:04+00:00
65,CUST-00000065,First00000065,Last00000065,customer00000065@example.com,2026-08-01T00:01:05+00:00,2026-08-01T00:01:05+00:00
66,CUST-00000066,First00000066,Last00000066,customer00000066@example.com,2026-08-01T00:01:06+00:00,2026-08-01T00:01:06+00:00
67,CUST-00000067,First00000067,Last00000067,customer00000067@example.com,2026-08-01T00:01:07+00:00,2026-08-01T00:01:07+00:00
68,CUST-00000068,First00000068,Last00000068,customer00000068@example.com,2026-08-01T00:01:08+00:00,2026-08-01T00:01:08+00:00
69,CUST-00000069,First00000069,Last00000069,customer00000069@example.com,2026-08-01T00:01:09+00:00,2026-08-01T00:01:09+00:00
70,CUST-00000070,First00000070,Last00000070,customer00000070@example.com,2026-08-01T00:01:10+00:00,2026-08-01T00:01:10+00:00
71,CUST-00000071,First00000071,Last00000071,customer00000071@example.com,2026-08-01T00:01:11+00:00,2026-08-01T00:01:11+00:00
72,CUST-00000072,First00000072,Last00000072,customer00000072@example.com,2026-08-01T00:01:12+00:00,2026-08-01T00:01:12+00:00
73,CUST-00000073,First00000073,Last00000073,customer00000073@example.com,2026-08-01T00:01:13+00:00,2026-08-01T00:01:13+00:00
74,CUST-00000074,First00000074,Last00000074,customer00000074@example.com,2026-08-01T00:01:14+00:00,2026-08-01T00:01:14+00:00
75,CUST-00000075,First00000075,Last00000075,customer00000075@example.com,2026-08-01T00:01:15+00:00,2026-08-01T00:01:15+00:00
76,CUST-00000076,First00000076,Last00000076,customer00000076@example.com,2026-08-01T00:01:16+00:00,2026-08-01T00:01:16+00:00
77,CUST-00000077,First00000077,Last00000077,customer00000077@example.com,2026-08-01T00:01:17+00:00,2026-08-01T00:01:17+00:00
78,CUST-00000078,First00000078,Last00000078,customer00000078@example.com,2026-08-01T00:01:18+00:00,2026-08-01T00:01:18+00:00
79,CUST-00000079,First00000079,Last00000079,customer00000079@example.com,2026-08-01T00:01:19+00:00,2026-08-01T00:01:19+00:00
80,CUST-00000080,First00000080,Last00000080,customer00000080@example.com,2026-08-01T00:01:20+00:00,2026-08-01T00:01:20+00:00
81,CUST-00000081,First00000081,Last00000081,customer00000081@example.com,2026-08-01T00:01:21+00:00,2026-08-01T00:01:21+00:00
82,CUST-00000082,First00000082,Last00000082,customer00000082@example.com,2026-08-01T00:01:22+00:00,2026-08-01T00:01:22+00:00
83,CUST-00000083,First00000083,Last00000083,customer00000083@example.com,2026-08-01T00:01:23+00:00,2026-08-01T00:01:23+00:00
84,CUST-00000084,First00000084,Last00000084,customer00000084@example.com,2026-08-01T00:01:24+00:00,2026-08-01T00:01:24+00:00
85,CUST-00000085,First00000085,Last00000085,customer00000085@example.com,2026-08-01T00:01:25+00:00,2026-08-01T00:01:25+00:00
86,CUST-00000086,First00000086,Last00000086,customer00000086@example.com,2026-08-01T00:01:26+00:00,2026-08-01T00:01:26+00:00
87,CUST-00000087,First00000087,Last00000087,customer00000087@example.com,2026-08-01T00:01:27+00:00,2026-08-01T00:01:27+00:00
88,CUST-00000088,First00000088,Last00000088,customer00000088@example.com,2026-08-01T00:01:28+00:00,2026-08-01T00:01:28+00:00
89,CUST-00000089,First00000089,Last00000089,customer00000089@example.com,2026-08-01T00:01:29+00:00,2026-08-01T00:01:29+00:00
90,CUST-00000090,First00000090,Last00000090,customer00000090@example.com,2026-08-01T00:01:30+00:00,2026-08-01T00:01:30+00:00
91,CUST-00000091,First00000091,Last00000091,customer00000091@example.com,2026-08-01T00:01:31+00:00,2026-08-01T00:01:31+00:00
92,CUST-00000092,First00000092,Last00000092,customer00000092@example.com,2026-08-01T00:01:32+00:00,2026-08-01T00:01:32+00:00
93,CUST-00000093,First00000093,Last00000093,customer00000093@example.com,2026-08-01T00:01:33+00:00,2026-08-01T00:01:33+00:00
94,CUST-00000094,First00000094,Last00000094,customer00000094@example.com,2026-08-01T00:01:34+00:00,2026-08-01T00:01:34+00:00
95,CUST-00000095,First00000095,Last00000095,customer00000095@example.com,2026-08-01T00:01:35+00:00,2026-08-01T00:01:35+00:00
96,CUST-00000096,First00000096,Last00000096,customer00000096@example.com,2026-08-01T00:01:36+00:00,2026-08-01T00:01:36+00:00
97,CUST-00000097,First00000097,Last00000097,customer00000097@example.com,2026-08-01T00:01:37+00:00,2026-08-01T00:01:37+00:00
98,CUST-00000098,First00000098,Last00000098,customer00000098@example.com,2026-08-01T00:01:38+00:00,2026-08-01T00:01:38+00:00
99,CUST-00000099,First00000099,Last00000099,customer00000099@example.com,2026-08-01T00:01:39+00:00,2026-08-01T00:01:39+00:00
100,CUST-00000100,First00000100,Last00000100,customer00000100@example.com,2026-08-01T00:01:40+00:00,2026-08-01T00:01:40+00:00
