order_id,order_number,customer_id,order_status,order_total,currency_code,created_at,updated_at
1,ORD-0000000001,22,cancelled,1548.05,USD,2026-08-01T00:01:00+00:00,2026-08-01T00:01:00+00:00
2,ORD-0000000002,82,cancelled,807.98,USD,2026-08-01T00:02:00+00:00,2026-08-01T00:02:00+00:00
3,ORD-0000000003,5,shipped,2805.46,USD,2026-08-01T00:03:00+00:00,2026-08-01T00:03:00+00:00
4,ORD-0000000004,83,delivered,727.81,USD,2026-08-01T00:04:00+00:00,2026-08-01T00:04:00+00:00
5,ORD-0000000005,69,shipped,3512.10,USD,2026-08-01T00:05:00+00:00,2026-08-01T00:05:00+00:00
6,ORD-0000000006,15,paid,1398.74,USD,2026-08-01T00:06:00+00:00,2026-08-01T00:06:00+00:00
7,ORD-0000000007,50,delivered,3760.01,USD,2026-08-01T00:07:00+00:00,2026-08-01T00:07:00+00:00
8,ORD-0000000008,38,delivered,1307.96,USD,2026-08-01T00:08:00+00:00,2026-08-01T00:08:00+00:00
9,ORD-0000000009,98,paid,2902.76,USD,2026-08-01T00:09:00+00:00,2026-08-01T00:09:00+00:00
10,ORD-0000000010,100,cancelled,583.92,USD,2026-08-01T00:10:00+00:00,2026-08-01T00:10:00+00:00
11,ORD-0000000011,63,pending,676.74,USD,2026-08-01T00:11:00+00:00,2026-08-01T00:11:00+00:00
12,ORD-0000000012,31,pending,2012.13,USD,2026-08-01T00:12:00+00:00,2026-08-01T00:12:00+00:00
13,ORD-0000000013,9,cancelled,2211.19,USD,2026-08-01T00:13:00+00:00,2026-08-01T00:13:00+00:00
14,ORD-0000000014,22,shipped,3754.35,USD,2026-08-01T00:14:00+00:00,2026-08-01T00:14:00+00:00
15,ORD-0000000015,67,delivered,559.84,USD,2026-08-01T00:15:00+00:00,2026-08-01T00:15:00+00:00
16,ORD-0000000016,9,shipped,2191.75,USD,2026-08-01T00:16:00+00:00,2026-08-01T00:16:00+00:00
17,ORD-0000000017,30,cancelled,222.27,USD,2026-08-01T00:17:00+00:00,2026-08-01T00:17:00+00:00
18,ORD-0000000018,9,pending,2243.40,USD,2026-08-01T00:18:00+00:00,2026-08-01T00:18:00+00:00
19,ORD-0000000019,70,paid,3439.44,USD,2026-08-01T00:19:00+00:00,2026-08-01T00:19:00+00:00
20,ORD-0000000020,53,delivered,244.08,USD,2026-08-01T00:20:00+00:00,2026-08-01T00:20:00+00:00
21,ORD-0000000021,8,delivered,3615.60,USD,2026-08-01T00:21:00+00:00,2026-08-01T00:21:00+00:00
22,ORD-0000000022,18,delivered,680.67,USD,2026-08-01T00:22:00+00:00,2026-08-01T00:22:00+00:00
23,ORD-0000000023,57,cancelled,482.15,USD,2026-08-01T00:23:00+00:00,2026-08-01T00:23:00+00:00
24,ORD-0000000024,2,pending,1551.44,USD,2026-08-01T00:24:00+00:00,2026-08-01T00:24:00+00:00
25,ORD-0000000025,28,delivered,629.84,USD,2026-08-01T00:25:00+00:00,2026-08-01T00:25:00+00:00
26,ORD-0000000026,1,delivered,1923.99,USD,2026-08-01T00:26:00+00:00,2026-08-01T00:26:00+00:00
27,ORD-0000000027,25,shipped,920.50,USD,2026-08-01T00:27:00+00:00,2026-08-01T00:27:00+00:00
28,ORD-0000000028,96,shipped,482.15,USD,2026-08-01T00:28:00+00:00,2026-08-01T00:28:00+00:00
29,ORD-0000000029,62,cancelled,3585.24,USD,2026-08-01T00:29:00+00:00,2026-08-01T00:29:00+00:00
30,ORD-0000000030,16,cancelled,1411.55,USD,2026-08-01T00:30:00+00:00,2026-08-01T00:30:00+00:00
31,ORD-0000000031,11,delivered,3977.50,USD,2026-08-01T00:31:00+00:00,2026-08-01T00:31:00+00:00
32,ORD-0000000032,86,shipped,1825.45,USD,2026-08-01T00:32:00+00:00,2026-08-01T00:32:00+00:00
33,ORD-0000000033,10,cancelled,1631.68,USD,2026-08-01T00:33:00+00:00,2026-08-01T00:33:00+00:00
34,ORD-0000000034,9,paid,685.88,USD,2026-08-01T00:34:00+00:00,2026-08-01T00:34:00+00:00
35,ORD-0000000035,84,cancelled,2107.95,USD,2026-08-01T00:35:00+00:00,2026-08-01T00:35:00+00:00
36,ORD-0000000036,39,pending,2259.23,USD,2026-08-01T00:36:00+00:00,2026-08-01T00:36:00+00:00
37,ORD-0000000037,20,shipped,1959.27,USD,2026-08-01T00:37:00+00:00,2026-08-01T00:37:00+00:00
38,ORD-0000000038,65,delivered,1928.07,USD,2026-08-01T00:38:00+00:00,2026-08-01T00:38:00+00:00
39,ORD-0000000039,1,shipped,1339.88,USD,2026-08-01T00:39:00+00:00,2026-08-01T00:39:00+00:00
40,ORD-0000000040,71,delivered,2568.10,USD,2026-08-01T00:40:00+00:00,2026-08-01T00:40:00+00:00
41,ORD-0000000041,19,delivered,606.06,USD,2026-08-01T00:41:00+00:00,2026-08-01T00:41:00+00:00
42,ORD-0000000042,46,paid,3076.77,USD,2026-08-01T00:42:00+00:00,2026-08-01T00:42:00+00:00
43,ORD-0000000043,53,cancelled,1189.68,USD,2026-08-01T00:43:00+00:00,2026-08-01T00:43:00+00:00
44,ORD-0000000044,4,paid,2631.47,USD,2026-08-01T00:44:00+00:00,2026-08-01T00:44:00+00:00
45,ORD-0000000045,90,pending,3061.72,USD,2026-08-01T00:45:00+00:00,2026-08-01T00:45:00+00:00
46,ORD-0000000046,29,pending,392.20,USD,2026-08-01T00:46:00+00:00,2026-08-01T00:46:00+00:00
47,ORD-0000000047,99,shipped,2104.48,USD,2026-08-01T00:47:00+00:00,2026-08-01T00:47:00+00:00
48,ORD-0000000048,15,shipped,737.73,USD,2026-08-01T00:48:00+00:00,2026-08-01T00:48:00+00:00
49,ORD-0000000049,77,delivered,2487.84,USD,2026-08-01T00:49:00+00:00,2026-08-01T00:49:00+00:00
50,ORD-0000000050,50,cancelled,1363.00,USD,2026-08-01T00:50:00+00:00,2026-08-01T00:50:00+00:00
51,ORD-0000000051,67,cancelled,760.60,USD,2026-08-01T00:51:00+00:00,2026-08-01T00:51:00+00:00
52,ORD-0000000052,80,shipped,539.85,USD,2026-08-01T00:52:00+00:00,2026-08-01T00:52:00+00:00
53,ORD-0000000053,65,shipped,2078.63,USD,2026-08-01T00:53:00+00:00,2026-08-01T00:53:00+00:00
54,ORD-0000000054,86,delivered,674.93,USD,2026-08-01T00:54:00+00:00,2026-08-01T00:54:00+00:00
55,ORD-0000000055,71,pending,2952.42,USD,2026-08-01T00:55:00+00:00,2026-08-01T00:55:00+00:00
56,ORD-0000000056,60,delivered,2496.66,USD,2026-08-01T00:56:00+00:00,2026-08-01T00:56:00+00:00
57,ORD-0000000057,85,cancelled,2134.57,USD,2026-08-01T00:57:00+00:00,2026-08-01T00:57:00+00:00
58,ORD-0000000058,19,pending,1119.68,USD,2026-08-01T00:58:00+00:00,2026-08-01T00:58:00+00:00
59,ORD-0000000059,79,pending,2154.20,USD,2026-08-01T00:59:00+00:00,2026-08-01T00:59:00+00:00
60,ORD-0000000060,19,pending,1684.48,USD,2026-08-01T01:00:00+00:00,2026-08-01T01:00:00+00:00
61,ORD-0000000061,29,paid,5300.59,USD,2026-08-01T01:01:00+00:00,2026-08-01T01:01:00+00:00
62,ORD-0000000062,77,shipped,2954.45,USD,2026-08-01T01:02:00+00:00,2026-08-01T01:02:00+00:00
63,ORD-0000000063,58,shipped,1105.10,USD,2026-08-01T01:03:00+00:00,2026-08-01T01:03:00+00:00
64,ORD-0000000064,81,paid,671.57,USD,2026-08-01T01:04:00+00:00,2026-08-01T01:04:00+00:00
65,ORD-0000000065,43,shipped,3220.31,USD,2026-08-01T01:05:00+00:00,2026-08-01T01:05:00+00:00
66,ORD-0000000066,43,cancelled,3882.71,USD,2026-08-01T01:06:00+00:00,2026-08-01T01:06:00+00:00
67,ORD-0000000067,62,pending,1026.23,USD,2026-08-01T01:07:00+00:00,2026-08-01T01:07:00+00:00
68,ORD-0000000068,78,paid,2761.07,USD,2026-08-01T01:08:00+00:00,2026-08-01T01:08:00+00:00
69,ORD-0000000069,93,paid,2591.91,USD,2026-08-01T01:09:00+00:00,2026-08-01T01:09:00+00:00
70,ORD-0000000070,11,delivered,1504.63,USD,2026-08-01T01:10:00+00:00,2026-08-01T01:10:00+00:00
71,ORD-0000000071,49,shipped,2046.01,USD,2026-08-01T01:11:00+00:00,2026-08-01T01:11:00+00:00
72,ORD-0000000072,36,delivered,4011.65,USD,2026-08-01T01:12:00+00:00,2026-08-01T01:12:00+00:00
73,ORD-0000000073,29,pending,51.78,USD,2026-08-01T01:13:00+00:00,2026-08-01T01:13:00+00:00
74,ORD-0000000074,32,paid,315.10,USD,2026-08-01T01:14:00+00:00,2026-08-01T01:14:00+00:00
75,ORD-0000000075,31,paid,3962.46,USD,2026-08-01T01:15:00+00:00,2026-08-01T01:15:00+00:00
76,ORD-0000000076,78,cancelled,842.24,USD,2026-08-01T01:16:00+00:00,2026-08-01T01:16:00+00:00
77,ORD-0000000077,40,pending,3585.63,USD,2026-08-01T01:17:00+00:00,2026-08-01T01:17:00+00:00
78,ORD-0000000078,14,shipped,3341.49,USD,2026-08-01T01:18:00+00:00,2026-08-01T01:18:00+00:00
79,ORD-0000000079,2,delivered,2850.96,USD,2026-08-01T01:19:00+00:00,2026-08-01T01:19:00+00:00
80,ORD-0000000080,94,cancelled,3282.64,USD,2026-08-01T01:20:00+00:00,2026-08-01T01:20:00+00:00
81,ORD-0000000081,94,cancelled,2946.31,USD,2026-08-01T01:21:00+00:00,2026-08-01T01:21:00+00:00
82,ORD-0000000082,97,delivered,3756.81,USD,2026-08-01T01:22:00+00:00,2026-08-01T01:22:00+00:00
83,ORD-0000000083,46,shipped,1782.69,USD,2026-08-01T01:23:00+00:00,2026-08-01T01:23:00+00:00
84,ORD-0000000084,67,paid,1119.68,USD,2026-08-01T01:24:00+00:00,2026-08-01T01:24:00+00:00
85,ORD-0000000085,63,cancelled,1337.52,USD,2026-08-01T01:25:00+00:00,2026-08-01T01:25:00+00:00
86,ORD-0000000086,3,pending,2372.28,USD,2026-08-01T01:26:00+00:00,2026-08-01T01:26:00+00:00
87,ORD-0000000087,48,delivered,4154.39,USD,2026-08-01T01:27:00+00:00,2026-08-01T01:27:00+00:00
88,ORD-0000000088,33,paid,359.90,USD,2026-08-01T01:28:00+00:00,2026-08-01T01:28:00+00:00
89,ORD-0000000089,41,pending,7182.69,USD,2026-08-01T01:29:00+00:00,2026-08-01T01:29:00+00:00
90,ORD-0000000090,37,pending,956.94,USD,2026-08-01T01:30:00+00:00,2026-08-01T01:30:00+00:00
91,ORD-0000000091,39,pending,1341.38,USD,2026-08-01T01:31:00+00:00,2026-08-01T01:31:00+00:00
92,ORD-0000000092,74,shipped,1335.05,USD,2026-08-01T01:32:00+00:00,2026-08-01T01:32:00+00:00
93,ORD-0000000093,9,delivered,1536.06,USD,2026-08-01T01:33:00+00:00,2026-08-01T01:33:00+00:00
94,ORD-0000000094,39,pending,2222.88,USD,2026-08-01T01:34:00+00:00,2026-08-01T01:34:00+00:00
95,ORD-0000000095,77,cancelled,3352.36,USD,2026-08-01T01:35:00+00:00,2026-08-01T01:35:00+00:00
96,ORD-0000000096,57,shipped,1706.85,USD,2026-08-01T01:36:00+00:00,2026-08-01T01:36:00+00:00
97,ORD-0000000097,85,pending,1799.12,USD,2026-08-01T01:37:00+00:00,2026-08-01T01:37:00+00:00
98,ORD-0000000098,21,pending,997.62,USD,2026-08-01T01:38:00+00:00,2026-08-01T01:38:00+00:00
99,ORD-0000000099,91,shipped,3006.78,USD,2026-08-01T01:39:00+00:00,2026-08-01T01:39:00+00:00
100,ORD-0000000100,70,paid,253.69,USD,2026-08-01T01:40:00+00:00,2026-08-01T01:40:00+00:00
101,ORD-0000000101,22,shipped,4060.70,USD,2026-08-01T01:41:00+00:00,2026-08-01T01:41:00+00:00
102,ORD-0000000102,70,delivered,3119.15,USD,2026-08-01T01:42:00+00:00,2026-08-01T01:42:00+00:00
103,ORD-0000000103,12,paid,4699.10,USD,2026-08-01T01:43:00+00:00,2026-08-01T01:43:00+00:00
104,ORD-0000000104,84,delivered,2749.79,USD,2026-08-01T01:44:00+00:00,2026-08-01T01:44:00+00:00
105,ORD-0000000105,45,delivered,3278.27,USD,2026-08-01T01:45:00+00:00,2026-08-01T01:45:00+00:00
106,ORD-0000000106,89,delivered,2383.44,USD,2026-08-01T01:46:00+00:00,2026-08-01T01:46:00+00:00
107,ORD-0000000107,12,shipped,3508.77,USD,2026-08-01T01:47:00+00:00,2026-08-01T01:47:00+00:00
108,ORD-0000000108,85,cancelled,4332.43,USD,2026-08-01T01:48:00+00:00,2026-08-01T01:48:00+00:00
109,ORD-0000000109,98,pending,767.60,USD,2026-08-01T01:49:00+00:00,2026-08-01T01:49:00+00:00
110,ORD-0000000110,57,delivered,2454.85,USD,2026-08-01T01:50:00+00:00,2026-08-01T01:50:00+00:00
111,ORD-0000000111,31,paid,517.30,USD,2026-08-01T01:51:00+00:00,2026-08-01T01:51:00+00:00
112,ORD-0000000112,60,pending,1470.63,USD,2026-08-01T01:52:00+00:00,2026-08-01T01:52:00+00:00
113,ORD-0000000113,91,shipped,2560.40,USD,2026-08-01T01:53:00+00:00,2026-08-01T01:53:00+00:00
114,ORD-0000000114,66,paid,749.20,USD,2026-08-01T01:54:00+00:00,2026-08-01T01:54:00+00:00
115,ORD-0000000115,44,cancelled,1179.80,USD,2026-08-01T01:55:00+00:00,2026-08-01T01:55:00+00:00
116,ORD-0000000116,85,delivered,859.81,USD,2026-08-01T01:56:00+00:00,2026-08-01T01:56:00+00:00
117,ORD-0000000117,43,cancelled,4525.65,USD,2026-08-01T01:57:00+00:00,2026-08-01T01:57:00+00:00
118,ORD-0000000118,6,shipped,1343.57,USD,2026-08-01T01:58:00+00:00,2026-08-01T01:58:00+00:00
119,ORD-0000000119,65,cancelled,2317.00,USD,2026-08-01T01:59:00+00:00,2026-08-01T01:59:00+00:00
120,ORD-0000000120,53,paid,260.37,USD,2026-08-01T02:00:00+00:00,2026-08-01T02:00:00+00:00
121,ORD-0000000121,44,cancelled,4434.95,USD,2026-08-01T02:01:00+00:00,2026-08-01T02:01:00+00:00
122,ORD-0000000122,70,pending,962.28,USD,2026-08-01T02:02:00+00:00,2026-08-01T02:02:00+00:00
123,ORD-0000000123,57,paid,1833.26,USD,2026-08-01T02:03:00+00:00,2026-08-01T02:03:00+00:00
124,ORD-0000000124,48,delivered,3204.53,USD,2026-08-01T02:04:00+00:00,2026-08-01T02:04:00+00:00
125,ORD-0000000125,88,paid,3959.16,USD,2026-08-01T02:05:00+00:00,2026-08-01T02:05:00+00:00
126,ORD-0000000126,80,paid,3280.51,USD,2026-08-01T02:06:00+00:00,2026-08-01T02:06:00+00:00
127,ORD-0000000127,60,shipped,2760.81,USD,2026-08-01T02:07:00+00:00,2026-08-01T02:07:00+00:00
128,ORD-0000000128,26,delivered,2835.82,USD,2026-08-01T02:08:00+00:00,2026-08-01T02:08:00+00:00
129,ORD-0000000129,3,delivered,1307.12,USD,2026-08-01T02:09:00+00:00,2026-08-01T02:09:00+00:00
130,ORD-0000000130,37,paid,2284.12,USD,2026-08-01T02:10:00+00:00,2026-08-01T02:10:00+00:00
131,ORD-0000000131,57,pending,2447.42,USD,2026-08-01T02:11:00+00:00,2026-08-01T02:11:00+00:00
132,ORD-0000000132,70,shipped,3103.98,USD,2026-08-01T02:12:00+00:00,2026-08-01T02:12:00+00:00
133,ORD-0000000133,19,paid,3328.06,USD,2026-08-01T02:13:00+00:00,2026-08-01T02:13:00+00:00
134,ORD-0000000134,59,shipped,1523.18,USD,2026-08-01T02:14:00+00:00,2026-08-01T02:14:00+00:00
135,ORD-0000000135,61,pending,3777.05,USD,2026-08-01T02:15:00+00:00,2026-08-01T02:15:00+00:00
136,ORD-0000000136,18,pending,438.48,USD,2026-08-01T02:16:00+00:00,2026-08-01T02:16:00+00:00
137,ORD-0000000137,15,pending,1071.20,USD,2026-08-01T02:17:00+00:00,2026-08-01T02:17:00+00:00
138,ORD-0000000138,48,cancelled,3258.10,USD,2026-08-01T02:18:00+00:00,2026-08-01T02:18:00+00:00
139,ORD-0000000139,53,shipped,742.77,USD,2026-08-01T02:19:00+00:00,2026-08-01T02:19:00+00:00
140,ORD-0000000140,28,delivered,3298.94,USD,2026-08-01T02:20:00+00:00,2026-08-01T02:20:00+00:00
141,ORD-0000000141,51,shipped,1004.11,USD,2026-08-01T02:21:00+00:00,2026-08-01T02:21:00+00:00
142,ORD-0000000142,83,cancelled,289.29,USD,2026-08-01T02:22:00+00:00,2026-08-01T02:22:00+00:00
143,ORD-0000000143,32,paid,3701.89,USD,2026-08-01T02:23:00+00:00,2026-08-01T02:23:00+00:00
144,ORD-0000000144,1,shipped,561.41,USD,2026-08-01T02:24:00+00:00,2026-08-01T02:24:00+00:00
145,ORD-0000000145,15,pending,886.35,USD,2026-08-01T02:25:00+00:00,2026-08-01T02:25:00+00:00
146,ORD-0000000146,42,pending,984.48,USD,2026-08-01T02:26:00+00:00,2026-08-01T02:26:00+00:00
147,ORD-0000000147,68,pending,347.16,USD,2026-08-01T02:27:00+00:00,2026-08-01T02:27:00+00:00
148,ORD-0000000148,100,shipped,5680.20,USD,2026-08-01T02:28:00+00:00,2026-08-01T02:28:00+00:00
149,ORD-0000000149,83,pending,347.16,USD,2026-08-01T02:29:00+00:00,2026-08-01T02:29:00+00:00
150,ORD-0000000150,55,pending,1228.88,USD,2026-08-01T02:30:00+00:00,2026-08-01T02:30:00+00:00
151,ORD-0000000151,17,shipped,4686.14,USD,2026-08-01T02:31:00+00:00,2026-08-01T02:31:00+00:00
152,ORD-0000000152,65,cancelled,4623.70,USD,2026-08-01T02:32:00+00:00,2026-08-01T02:32:00+00:00
153,ORD-0000000153,30,delivered,1432.78,USD,2026-08-01T02:33:00+00:00,2026-08-01T02:33:00+00:00
154,ORD-0000000154,41,shipped,397.26,USD,2026-08-01T02:34:00+00:00,2026-08-01T02:34:00+00:00
155,ORD-0000000155,12,delivered,1358.85,USD,2026-08-01T02:35:00+00:00,2026-08-01T02:35:00+00:00
156,ORD-0000000156,17,cancelled,2191.75,USD,2026-08-01T02:36:00+00:00,2026-08-01T02:36:00+00:00
157,ORD-0000000157,72,shipped,691.20,USD,2026-08-01T02:37:00+00:00,2026-08-01T02:37:00+00:00
158,ORD-0000000158,86,delivered,46.20,USD,2026-08-01T02:38:00+00:00,2026-08-01T02:38:00+00:00
159,ORD-0000000159,40,shipped,252.85,USD,2026-08-01T02:39:00+00:00,2026-08-01T02:39:00+00:00
160,ORD-0000000160,28,paid,2849.50,USD,2026-08-01T02:40:00+00:00,2026-08-01T02:40:00+00:00
161,ORD-0000000161,29,delivered,2390.27,USD,2026-08-01T02:41:00+00:00,2026-08-01T02:41:00+00:00
162,ORD-0000000162,35,shipped,2280.01,USD,2026-08-01T02:42:00+00:00,2026-08-01T02:42:00+00:00
163,ORD-0000000163,9,paid,2451.95,USD,2026-08-01T02:43:00+00:00,2026-08-01T02:43:00+00:00
164,ORD-0000000164,28,delivered,3394.68,USD,2026-08-01T02:44:00+00:00,2026-08-01T02:44:00+00:00
165,ORD-0000000165,11,pending,839.08,USD,2026-08-01T02:45:00+00:00,2026-08-01T02:45:00+00:00
166,ORD-0000000166,87,pending,2955.15,USD,2026-08-01T02:46:00+00:00,2026-08-01T02:46:00+00:00
167,ORD-0000000167,54,shipped,1152.09,USD,2026-08-01T02:47:00+00:00,2026-08-01T02:47:00+00:00
168,ORD-0000000168,56,pending,2788.51,USD,2026-08-01T02:48:00+00:00,2026-08-01T02:48:00+00:00
169,ORD-0000000169,29,delivered,2599.41,USD,2026-08-01T02:49:00+00:00,2026-08-01T02:49:00+00:00
170,ORD-0000000170,1,delivered,1982.91,USD,2026-08-01T02:50:00+00:00,2026-08-01T02:50:00+00:00
171,ORD-0000000171,10,delivered,178.34,USD,2026-08-01T02:51:00+00:00,2026-08-01T02:51:00+00:00
172,ORD-0000000172,59,pending,805.67,USD,2026-08-01T02:52:00+00:00,2026-08-01T02:52:00+00:00
173,ORD-0000000173,52,pending,1854.21,USD,2026-08-01T02:53:00+00:00,2026-08-01T02:53:00+00:00
174,ORD-0000000174,14,paid,4190.20,USD,2026-08-01T02:54:00+00:00,2026-08-01T02:54:00+00:00
175,ORD-0000000175,43,paid,366.77,USD,2026-08-01T02:55:00+00:00,2026-08-01T02:55:00+00:00
176,ORD-0000000176,68,cancelled,1555.54,USD,2026-08-01T02:56:00+00:00,2026-08-01T02:56:00+00:00
177,ORD-0000000177,31,pending,2462.76,USD,2026-08-01T02:57:00+00:00,2026-08-01T02:57:00+00:00
178,ORD-0000000178,20,pending,1969.20,USD,2026-08-01T02:58:00+00:00,2026-08-01T02:58:00+00:00
179,ORD-0000000179,97,cancelled,1710.29,USD,2026-08-01T02:59:00+00:00,2026-08-01T02:59:00+00:00
180,ORD-0000000180,9,delivered,1774.89,USD,2026-08-01T03:00:00+00:00,2026-08-01T03:00:00+00:00
181,ORD-0000000181,40,delivered,1436.01,USD,2026-08-01T03:01:00+00:00,2026-08-01T03:01:00+00:00
182,ORD-0000000182,65,delivered,3810.74,USD,2026-08-01T03:02:00+00:00,2026-08-01T03:02:00+00:00
183,ORD-0000000183,78,delivered,1352.04,USD,2026-08-01T03:03:00+00:00,2026-08-01T03:03:00+00:00
184,ORD-0000000184,91,delivered,3255.72,USD,2026-08-01T03:04:00+00:00,2026-08-01T03:04:00+00:00
185,ORD-0000000185,100,shipped,2261.11,USD,2026-08-01T03:05:00+00:00,2026-08-01T03:05:00+00:00
186,ORD-0000000186,33,cancelled,1916.23,USD,2026-08-01T03:06:00+00:00,2026-08-01T03:06:00+00:00
187,ORD-0000000187,45,shipped,3090.96,USD,2026-08-01T03:07:00+00:00,2026-08-01T03:07:00+00:00
188,ORD-0000000188,17,cancelled,748.64,USD,2026-08-01T03:08:00+00:00,2026-08-01T03:08:00+00:00
189,ORD-0000000189,66,shipped,676.74,USD,2026-08-01T03:09:00+00:00,2026-08-01T03:09:00+00:00
190,ORD-0000000190,24,paid,2093.96,USD,2026-08-01T03:10:00+00:00,2026-08-01T03:10:00+00:00
191,ORD-0000000191,10,shipped,1833.85,USD,2026-08-01T03:11:00+00:00,2026-08-01T03:11:00+00:00
192,ORD-0000000192,95,cancelled,1264.77,USD,2026-08-01T03:12:00+00:00,2026-08-01T03:12:00+00:00
193,ORD-0000000193,99,cancelled,520.82,USD,2026-08-01T03:13:00+00:00,2026-08-01T03:13:00+00:00
194,ORD-0000000194,24,cancelled,313.79,USD,2026-08-01T03:14:00+00:00,2026-08-01T03:14:00+00:00
195,ORD-0000000195,47,paid,1813.48,USD,2026-08-01T03:15:00+00:00,2026-08-01T03:15:00+00:00
196,ORD-0000000196,40,delivered,2104.22,USD,2026-08-01T03:16:00+00:00,2026-08-01T03:16:00+00:00
197,ORD-0000000197,60,shipped,3751.57,USD,2026-08-01T03:17:00+00:00,2026-08-01T03:17:00+00:00
198,ORD-0000000198,7,delivered,1444.27,USD,2026-08-01T03:18:00+00:00,2026-08-01T03:18:00+00:00
199,ORD-0000000199,11,paid,633.39,USD,2026-08-01T03:19:00+00:00,2026-08-01T03:19:00+00:00
200,ORD-0000000200,58,shipped,230.40,USD,2026-08-01T03:20:00+00:00,2026-08-01T03:20:00+00:00
201,ORD-0000000201,51,cancelled,1461.69,USD,2026-08-01T03:21:00+00:00,2026-08-01T03:21:00+00:00
202,ORD-0000000202,41,pending,633.37,USD,2026-08-01T03:22:00+00:00,2026-08-01T03:22:00+00:00
203,ORD-0000000203,98,delivered,4064.18,USD,2026-08-01T03:23:00+00:00,2026-08-01T03:23:00+00:00
204,ORD-0000000204,94,cancelled,2486.27,USD,2026-08-01T03:24:00+00:00,2026-08-01T03:24:00+00:00
205,ORD-0000000205,82,cancelled,2991.27,USD,2026-08-01T03:25:00+00:00,2026-08-01T03:25:00+00:00
206,ORD-0000000206,31,paid,1478.67,USD,2026-08-01T03:26:00+00:00,2026-08-01T03:26:00+00:00
207,ORD-0000000207,54,paid,1250.91,USD,2026-08-01T03:27:00+00:00,2026-08-01T03:27:00+00:00
208,ORD-0000000208,9,cancelled,2647.78,USD,2026-08-01T03:28:00+00:00,2026-08-01T03:28:00+00:00
209,ORD-0000000209,46,pending,2444.44,USD,2026-08-01T03:29:00+00:00,2026-08-01T03:29:00+00:00
210,ORD-0000000210,18,pending,1980.98,USD,2026-08-01T03:30:00+00:00,2026-08-01T03:30:00+00:00
211,ORD-0000000211,81,paid,430.93,USD,2026-08-01T03:31:00+00:00,2026-08-01T03:31:00+00:00
212,ORD-0000000212,38,paid,372.80,USD,2026-08-01T03:32:00+00:00,2026-08-01T03:32:00+00:00
213,ORD-0000000213,41,shipped,1918.90,USD,2026-08-01T03:33:00+00:00,2026-08-01T03:33:00+00:00
214,ORD-0000000214,35,pending,2345.69,USD,2026-08-01T03:34:00+00:00,2026-08-01T03:34:00+00:00
215,ORD-0000000215,24,delivered,4520.44,USD,2026-08-01T03:35:00+00:00,2026-08-01T03:35:00+00:00
216,ORD-0000000216,24,cancelled,3404.22,USD,2026-08-01T03:36:00+00:00,2026-08-01T03:36:00+00:00
217,ORD-0000000217,58,cancelled,1708.26,USD,2026-08-01T03:37:00+00:00,2026-08-01T03:37:00+00:00
218,ORD-0000000218,56,shipped,288.64,USD,2026-08-01T03:38:00+00:00,2026-08-01T03:38:00+00:00
219,ORD-0000000219,47,cancelled,2720.41,USD,2026-08-01T03:39:00+00:00,2026-08-01T03:39:00+00:00
220,ORD-0000000220,5,paid,839.76,USD,2026-08-01T03:40:00+00:00,2026-08-01T03:40:00+00:00
221,ORD-0000000221,47,delivered,1757.30,USD,2026-08-01T03:41:00+00:00,2026-08-01T03:41:00+00:00
222,ORD-0000000222,18,cancelled,956.17,USD,2026-08-01T03:42:00+00:00,2026-08-01T03:42:00+00:00
223,ORD-0000000223,4,paid,2756.16,USD,2026-08-01T03:43:00+00:00,2026-08-01T03:43:00+00:00
224,ORD-0000000224,79,shipped,2450.54,USD,2026-08-01T03:44:00+00:00,2026-08-01T03:44:00+00:00
225,ORD-0000000225,88,shipped,1320.93,USD,2026-08-01T03:45:00+00:00,2026-08-01T03:45:00+00:00
226,ORD-0000000226,21,paid,2446.70,USD,2026-08-01T03:46:00+00:00,2026-08-01T03:46:00+00:00
227,ORD-0000000227,64,pending,1228.01,USD,2026-08-01T03:47:00+00:00,2026-08-01T03:47:00+00:00
228,ORD-0000000228,79,pending,438.48,USD,2026-08-01T03:48:00+00:00,2026-08-01T03:48:00+00:00
229,ORD-0000000229,92,delivered,1732.29,USD,2026-08-01T03:49:00+00:00,2026-08-01T03:49:00+00:00
230,ORD-0000000230,45,paid,3426.16,USD,2026-08-01T03:50:00+00:00,2026-08-01T03:50:00+00:00
231,ORD-0000000231,20,shipped,1160.77,USD,2026-08-01T03:51:00+00:00,2026-08-01T03:51:00+00:00
232,ORD-0000000232,67,shipped,598.76,USD,2026-08-01T03:52:00+00:00,2026-08-01T03:52:00+00:00
233,ORD-0000000233,82,cancelled,594.57,USD,2026-08-01T03:53:00+00:00,2026-08-01T03:53:00+00:00
234,ORD-0000000234,65,paid,3757.36,USD,2026-08-01T03:54:00+00:00,2026-08-01T03:54:00+00:00
235,ORD-0000000235,11,pending,4544.89,USD,2026-08-01T03:55:00+00:00,2026-08-01T03:55:00+00:00
236,ORD-0000000236,38,shipped,1651.37,USD,2026-08-01T03:56:00+00:00,2026-08-01T03:56:00+00:00
237,ORD-0000000237,57,delivered,3180.05,USD,2026-08-01T03:57:00+00:00,2026-08-01T03:57:00+00:00
238,ORD-0000000238,52,paid,2811.91,USD,2026-08-01T03:58:00+00:00,2026-08-01T03:58:00+00:00
239,ORD-0000000239,16,shipped,3303.04,USD,2026-08-01T03:59:00+00:00,2026-08-01T03:59:00+00:00
240,ORD-0000000240,32,paid,1588.84,USD,2026-08-01T04:00:00+00:00,2026-08-01T04:00:00+00:00
241,ORD-0000000241,66,delivered,4648.44,USD,2026-08-01T04:01:00+00:00,2026-08-01T04:01:00+00:00
242,ORD-0000000242,28,cancelled,1278.29,USD,2026-08-01T04:02:00+00:00,2026-08-01T04:02:00+00:00
243,ORD-0000000243,69,pending,356.68,USD,2026-08-01T04:03:00+00:00,2026-08-01T04:03:00+00:00
244,ORD-0000000244,34,shipped,2381.33,USD,2026-08-01T04:04:00+00:00,2026-08-01T04:04:00+00:00
245,ORD-0000000245,71,shipped,328.85,USD,2026-08-01T04:05:00+00:00,2026-08-01T04:05:00+00:00
246,ORD-0000000246,58,cancelled,2127.06,USD,2026-08-01T04:06:00+00:00,2026-08-01T04:06:00+00:00
247,ORD-0000000247,48,shipped,2234.41,USD,2026-08-01T04:07:00+00:00,2026-08-01T04:07:00+00:00
248,ORD-0000000248,5,paid,3788.78,USD,2026-08-01T04:08:00+00:00,2026-08-01T04:08:00+00:00
249,ORD-0000000249,18,shipped,4890.76,USD,2026-08-01T04:09:00+00:00,2026-08-01T04:09:00+00:00
250,ORD-0000000250,69,delivered,3775.46,USD,2026-08-01T04:10:00+00:00,2026-08-01T04:10:00+00:00
251,ORD-0000000251,77,delivered,2216.39,USD,2026-08-01T04:11:00+00:00,2026-08-01T04:11:00+00:00
252,ORD-0000000252,75,delivered,2369.57,USD,2026-08-01T04:12:00+00:00,2026-08-01T04:12:00+00:00
253,ORD-0000000253,19,paid,50.57,USD,2026-08-01T04:13:00+00:00,2026-08-01T04:13:00+00:00
254,ORD-0000000254,25,pending,3055.40,USD,2026-08-01T04:14:00+00:00,2026-08-01T04:14:00+00:00
255,ORD-0000000255,61,pending,3507.57,USD,2026-08-01T04:15:00+00:00,2026-08-01T04:15:00+00:00
256,ORD-0000000256,85,delivered,4933.78,USD,2026-08-01T04:16:00+00:00,2026-08-01T04:16:00+00:00
257,ORD-0000000257,62,paid,823.90,USD,2026-08-01T04:17:00+00:00,2026-08-01T04:17:00+00:00
258,ORD-0000000258,39,shipped,1417.23,USD,2026-08-01T04:18:00+00:00,2026-08-01T04:18:00+00:00
259,ORD-0000000259,62,shipped,2962.96,USD,2026-08-01T04:19:00+00:00,2026-08-01T04:19:00+00:00
260,ORD-0000000260,38,pending,2624.69,USD,2026-08-01T04:20:00+00:00,2026-08-01T04:20:00+00:00
261,ORD-0000000261,28,paid,2500.70,USD,2026-08-01T04:21:00+00:00,2026-08-01T04:21:00+00:00
262,ORD-0000000262,86,cancelled,535.79,USD,2026-08-01T04:22:00+00:00,2026-08-01T04:22:00+00:00
263,ORD-0000000263,53,shipped,2528.28,USD,2026-08-01T04:23:00+00:00,2026-08-01T04:23:00+00:00
264,ORD-0000000264,84,delivered,1740.90,USD,2026-08-01T04:24:00+00:00,2026-08-01T04:24:00+00:00
265,ORD-0000000265,84,cancelled,1147.89,USD,2026-08-01T04:25:00+00:00,2026-08-01T04:25:00+00:00
266,ORD-0000000266,54,paid,273.48,USD,2026-08-01T04:26:00+00:00,2026-08-01T04:26:00+00:00
267,ORD-0000000267,24,shipped,233.85,USD,2026-08-01T04:27:00+00:00,2026-08-01T04:27:00+00:00
268,ORD-0000000268,73,cancelled,561.27,USD,2026-08-01T04:28:00+00:00,2026-08-01T04:28:00+00:00
269,ORD-0000000269,59,cancelled,2993.58,USD,2026-08-01T04:29:00+00:00,2026-08-01T04:29:00+00:00
270,ORD-0000000270,83,shipped,1592.70,USD,2026-08-01T04:30:00+00:00,2026-08-01T04:30:00+00:00
271,ORD-0000000271,73,paid,914.92,USD,2026-08-01T04:31:00+00:00,2026-08-01T04:31:00+00:00
272,ORD-0000000272,66,shipped,68.37,USD,2026-08-01T04:32:00+00:00,2026-08-01T04:32:00+00:00
273,ORD-0000000273,24,paid,2897.58,USD,2026-08-01T04:33:00+00:00,2026-08-01T04:33:00+00:00
274,ORD-0000000274,43,shipped,1766.96,USD,2026-08-01T04:34:00+00:00,2026-08-01T04:34:00+00:00
275,ORD-0000000275,40,paid,2789.24,USD,2026-08-01T04:35:00+00:00,2026-08-01T04:35:00+00:00
276,ORD-0000000276,79,paid,398.78,USD,2026-08-01T04:36:00+00:00,2026-08-01T04:36:00+00:00
277,ORD-0000000277,96,cancelled,2421.55,USD,2026-08-01T04:37:00+00:00,2026-08-01T04:37:00+00:00
278,ORD-0000000278,98,paid,3878.89,USD,2026-08-01T04:38:00+00:00,2026-08-01T04:38:00+00:00
279,ORD-0000000279,65,paid,4426.90,USD,2026-08-01T04:39:00+00:00,2026-08-01T04:39:00+00:00
280,ORD-0000000280,12,cancelled,2105.82,USD,2026-08-01T04:40:00+00:00,2026-08-01T04:40:00+00:00
281,ORD-0000000281,72,delivered,1167.56,USD,2026-08-01T04:41:00+00:00,2026-08-01T04:41:00+00:00
282,ORD-0000000282,75,pending,535.02,USD,2026-08-01T04:42:00+00:00,2026-08-01T04:42:00+00:00
283,ORD-0000000283,90,pending,1393.26,USD,2026-08-01T04:43:00+00:00,2026-08-01T04:43:00+00:00
284,ORD-0000000284,49,delivered,2463.46,USD,2026-08-01T04:44:00+00:00,2026-08-01T04:44:00+00:00
285,ORD-0000000285,23,cancelled,2841.07,USD,2026-08-01T04:45:00+00:00,2026-08-01T04:45:00+00:00
286,ORD-0000000286,87,cancelled,2934.25,USD,2026-08-01T04:46:00+00:00,2026-08-01T04:46:00+00:00
287,ORD-0000000287,25,pending,1686.36,USD,2026-08-01T04:47:00+00:00,2026-08-01T04:47:00+00:00
288,ORD-0000000288,79,pending,835.04,USD,2026-08-01T04:48:00+00:00,2026-08-01T04:48:00+00:00
289,ORD-0000000289,5,delivered,4023.55,USD,2026-08-01T04:49:00+00:00,2026-08-01T04:49:00+00:00
290,ORD-0000000290,28,pending,779.74,USD,2026-08-01T04:50:00+00:00,2026-08-01T04:50:00+00:00
291,ORD-0000000291,41,cancelled,4075.08,USD,2026-08-01T04:51:00+00:00,2026-08-01T04:51:00+00:00
292,ORD-0000000292,36,pending,6419.65,USD,2026-08-01T04:52:00+00:00,2026-08-01T04:52:00+00:00
293,ORD-0000000293,83,delivered,3259.78,USD,2026-08-01T04:53:00+00:00,2026-08-01T04:53:00+00:00
294,ORD-0000000294,29,shipped,1916.07,USD,2026-08-01T04:54:00+00:00,2026-08-01T04:54:00+00:00
295,ORD-0000000295,54,cancelled,2635.26,USD,2026-08-01T04:55:00+00:00,2026-08-01T04:55:00+00:00
296,ORD-0000000296,69,paid,749.20,USD,2026-08-01T04:56:00+00:00,2026-08-01T04:56:00+00:00
297,ORD-0000000297,87,cancelled,3881.53,USD,2026-08-01T04:57:00+00:00,2026-08-01T04:57:00+00:00
298,ORD-0000000298,39,pending,2184.60,USD,2026-08-01T04:58:00+00:00,2026-08-01T04:58:00+00:00
299,ORD-0000000299,32,cancelled,1181.61,USD,2026-08-01T04:59:00+00:00,2026-08-01T04:59:00+00:00
300,ORD-0000000300,100,shipped,2936.11,USD,2026-08-01T05:00:00+00:00,2026-08-01T05:00:00+00:00
301,ORD-0000000301,64,delivered,719.80,USD,2026-08-01T05:01:00+00:00,2026-08-01T05:01:00+00:00
302,ORD-0000000302,98,shipped,1184.27,USD,2026-08-01T05:02:00+00:00,2026-08-01T05:02:00+00:00
303,ORD-0000000303,73,paid,3951.75,USD,2026-08-01T05:03:00+00:00,2026-08-01T05:03:00+00:00
304,ORD-0000000304,75,delivered,2559.43,USD,2026-08-01T05:04:00+00:00,2026-08-01T05:04:00+00:00
305,ORD-0000000305,32,delivered,3227.42,USD,2026-08-01T05:05:00+00:00,2026-08-01T05:05:00+00:00
306,ORD-0000000306,22,paid,2190.40,USD,2026-08-01T05:06:00+00:00,2026-08-01T05:06:00+00:00
307,ORD-0000000307,53,paid,286.61,USD,2026-08-01T05:07:00+00:00,2026-08-01T05:07:00+00:00
308,ORD-0000000308,28,cancelled,2215.00,USD,2026-08-01T05:08:00+00:00,2026-08-01T05:08:00+00:00
309,ORD-0000000309,1,cancelled,3870.58,USD,2026-08-01T05:09:00+00:00,2026-08-01T05:09:00+00:00
310,ORD-0000000310,90,delivered,1558.74,USD,2026-08-01T05:10:00+00:00,2026-08-01T05:10:00+00:00
311,ORD-0000000311,25,cancelled,3554.33,USD,2026-08-01T05:11:00+00:00,2026-08-01T05:11:00+00:00
312,ORD-0000000312,90,paid,1483.11,USD,2026-08-01T05:12:00+00:00,2026-08-01T05:12:00+00:00
313,ORD-0000000313,49,delivered,1609.30,USD,2026-08-01T05:13:00+00:00,2026-08-01T05:13:00+00:00
314,ORD-0000000314,73,pending,2929.29,USD,2026-08-01T05:14:00+00:00,2026-08-01T05:14:00+00:00
315,ORD-0000000315,70,cancelled,1198.56,USD,2026-08-01T05:15:00+00:00,2026-08-01T05:15:00+00:00
316,ORD-0000000316,3,paid,1511.72,USD,2026-08-01T05:16:00+00:00,2026-08-01T05:16:00+00:00
317,ORD-0000000317,50,cancelled,2448.07,USD,2026-08-01T05:17:00+00:00,2026-08-01T05:17:00+00:00
318,ORD-0000000318,96,shipped,1449.60,USD,2026-08-01T05:18:00+00:00,2026-08-01T05:18:00+00:00
319,ORD-0000000319,30,pending,3130.33,USD,2026-08-01T05:19:00+00:00,2026-08-01T05:19:00+00:00
320,ORD-0000000320,4,shipped,3817.86,USD,2026-08-01T05:20:00+00:00,2026-08-01T05:20:00+00:00
321,ORD-0000000321,85,delivered,2105.60,USD,2026-08-01T05:21:00+00:00,2026-08-01T05:21:00+00:00
322,ORD-0000000322,38,paid,1471.17,USD,2026-08-01T05:22:00+00:00,2026-08-01T05:22:00+00:00
323,ORD-0000000323,20,delivered,1556.16,USD,2026-08-01T05:23:00+00:00,2026-08-01T05:23:00+00:00
324,ORD-0000000324,14,pending,438.48,USD,2026-08-01T05:24:00+00:00,2026-08-01T05:24:00+00:00
325,ORD-0000000325,47,shipped,25.81,USD,2026-08-01T05:25:00+00:00,2026-08-01T05:25:00+00:00
326,ORD-0000000326,24,delivered,3000.97,USD,2026-08-01T05:26:00+00:00,2026-08-01T05:26:00+00:00
327,ORD-0000000327,12,cancelled,2753.80,USD,2026-08-01T05:27:00+00:00,2026-08-01T05:27:00+00:00
328,ORD-0000000328,67,paid,1059.84,USD,2026-08-01T05:28:00+00:00,2026-08-01T05:28:00+00:00
329,ORD-0000000329,22,delivered,819.63,USD,2026-08-01T05:29:00+00:00,2026-08-01T05:29:00+00:00
330,ORD-0000000330,32,delivered,3285.98,USD,2026-08-01T05:30:00+00:00,2026-08-01T05:30:00+00:00
331,ORD-0000000331,49,shipped,2443.88,USD,2026-08-01T05:31:00+00:00,2026-08-01T05:31:00+00:00
332,ORD-0000000332,89,paid,3289.86,USD,2026-08-01T05:32:00+00:00,2026-08-01T05:32:00+00:00
333,ORD-0000000333,49,shipped,5052.89,USD,2026-08-01T05:33:00+00:00,2026-08-01T05:33:00+00:00
334,ORD-0000000334,4,delivered,70.42,USD,2026-08-01T05:34:00+00:00,2026-08-01T05:34:00+00:00
335,ORD-0000000335,87,delivered,471.22,USD,2026-08-01T05:35:00+00:00,2026-08-01T05:35:00+00:00
336,ORD-0000000336,85,paid,1730.92,USD,2026-08-01T05:36:00+00:00,2026-08-01T05:36:00+00:00
337,ORD-0000000337,65,delivered,2001.49,USD,2026-08-01T05:37:00+00:00,2026-08-01T05:37:00+00:00
338,ORD-0000000338,83,cancelled,202.28,USD,2026-08-01T05:38:00+00:00,2026-08-01T05:38:00+00:00
339,ORD-0000000339,97,shipped,6021.70,USD,2026-08-01T05:39:00+00:00,2026-08-01T05:39:00+00:00
340,ORD-0000000340,89,cancelled,1036.16,USD,2026-08-01T05:40:00+00:00,2026-08-01T05:40:00+00:00
341,ORD-0000000341,99,cancelled,2086.09,USD,2026-08-01T05:41:00+00:00,2026-08-01T05:41:00+00:00
342,ORD-0000000342,45,shipped,4314.88,USD,2026-08-01T05:42:00+00:00,2026-08-01T05:42:00+00:00
343,ORD-0000000343,13,delivered,848.45,USD,2026-08-01T05:43:00+00:00,2026-08-01T05:43:00+00:00
344,ORD-0000000344,87,paid,2883.89,USD,2026-08-01T05:44:00+00:00,2026-08-01T05:44:00+00:00
345,ORD-0000000345,43,cancelled,2099.56,USD,2026-08-01T05:45:00+00:00,2026-08-01T05:45:00+00:00
346,ORD-0000000346,4,cancelled,1887.24,USD,2026-08-01T05:46:00+00:00,2026-08-01T05:46:00+00:00
347,ORD-0000000347,1,paid,446.20,USD,2026-08-01T05:47:00+00:00,2026-08-01T05:47:00+00:00
348,ORD-0000000348,14,cancelled,1578.96,USD,2026-08-01T05:48:00+00:00,2026-08-01T05:48:00+00:00
349,ORD-0000000349,15,shipped,4124.78,USD,2026-08-01T05:49:00+00:00,2026-08-01T05:49:00+00:00
350,ORD-0000000350,15,shipped,3703.56,USD,2026-08-01T05:50:00+00:00,2026-08-01T05:50:00+00:00
351,ORD-0000000351,11,paid,1280.67,USD,2026-08-01T05:51:00+00:00,2026-08-01T05:51:00+00:00
352,ORD-0000000352,89,paid,1930.05,USD,2026-08-01T05:52:00+00:00,2026-08-01T05:52:00+00:00
353,ORD-0000000353,89,paid,2755.19,USD,2026-08-01T05:53:00+00:00,2026-08-01T05:53:00+00:00
354,ORD-0000000354,2,delivered,2192.85,USD,2026-08-01T05:54:00+00:00,2026-08-01T05:54:00+00:00
355,ORD-0000000355,84,delivered,2591.65,USD,2026-08-01T05:55:00+00:00,2026-08-01T05:55:00+00:00
356,ORD-0000000356,73,pending,358.68,USD,2026-08-01T05:56:00+00:00,2026-08-01T05:56:00+00:00
357,ORD-0000000357,69,shipped,3329.88,USD,2026-08-01T05:57:00+00:00,2026-08-01T05:57:00+00:00
358,ORD-0000000358,71,cancelled,50.57,USD,2026-08-01T05:58:00+00:00,2026-08-01T05:58:00+00:00
359,ORD-0000000359,35,cancelled,1557.82,USD,2026-08-01T05:59:00+00:00,2026-08-01T05:59:00+00:00
360,ORD-0000000360,55,pending,934.92,USD,2026-08-01T06:00:00+00:00,2026-08-01T06:00:00+00:00
361,ORD-0000000361,45,pending,6519.77,USD,2026-08-01T06:01:00+00:00,2026-08-01T06:01:00+00:00
362,ORD-0000000362,22,cancelled,2660.49,USD,2026-08-01T06:02:00+00:00,2026-08-01T06:02:00+00:00
363,ORD-0000000363,69,shipped,3079.81,USD,2026-08-01T06:03:00+00:00,2026-08-01T06:03:00+00:00
364,ORD-0000000364,18,delivered,374.60,USD,2026-08-01T06:04:00+00:00,2026-08-01T06:04:00+00:00
365,ORD-0000000365,90,paid,483.75,USD,2026-08-01T06:05:00+00:00,2026-08-01T06:05:00+00:00
366,ORD-0000000366,98,delivered,939.86,USD,2026-08-01T06:06:00+00:00,2026-08-01T06:06:00+00:00
367,ORD-0000000367,82,pending,4404.08,USD,2026-08-01T06:07:00+00:00,2026-08-01T06:07:00+00:00
368,ORD-0000000368,75,pending,719.80,USD,2026-08-01T06:08:00+00:00,2026-08-01T06:08:00+00:00
369,ORD-0000000369,82,shipped,967.96,USD,2026-08-01T06:09:00+00:00,2026-08-01T06:09:00+00:00
370,ORD-0000000370,28,delivered,1321.08,USD,2026-08-01T06:10:00+00:00,2026-08-01T06:10:00+00:00
371,ORD-0000000371,44,cancelled,1321.88,USD,2026-08-01T06:11:00+00:00,2026-08-01T06:11:00+00:00
372,ORD-0000000372,16,paid,2321.07,USD,2026-08-01T06:12:00+00:00,2026-08-01T06:12:00+00:00
373,ORD-0000000373,12,shipped,2892.72,USD,2026-08-01T06:13:00+00:00,2026-08-01T06:13:00+00:00
374,ORD-0000000374,81,shipped,365.50,USD,2026-08-01T06:14:00+00:00,2026-08-01T06:14:00+00:00
375,ORD-0000000375,1,paid,1367.00,USD,2026-08-01T06:15:00+00:00,2026-08-01T06:15:00+00:00
376,ORD-0000000376,90,shipped,356.68,USD,2026-08-01T06:16:00+00:00,2026-08-01T06:16:00+00:00
377,ORD-0000000377,62,pending,556.16,USD,2026-08-01T06:17:00+00:00,2026-08-01T06:17:00+00:00
378,ORD-0000000378,41,shipped,604.28,USD,2026-08-01T06:18:00+00:00,2026-08-01T06:18:00+00:00
379,ORD-0000000379,68,cancelled,315.10,USD,2026-08-01T06:19:00+00:00,2026-08-01T06:19:00+00:00
380,ORD-0000000380,57,shipped,1954.16,USD,2026-08-01T06:20:00+00:00,2026-08-01T06:20:00+00:00
381,ORD-0000000381,79,delivered,1343.18,USD,2026-08-01T06:21:00+00:00,2026-08-01T06:21:00+00:00
382,ORD-0000000382,76,delivered,1228.34,USD,2026-08-01T06:22:00+00:00,2026-08-01T06:22:00+00:00
383,ORD-0000000383,32,cancelled,4096.52,USD,2026-08-01T06:23:00+00:00,2026-08-01T06:23:00+00:00
384,ORD-0000000384,66,paid,1441.87,USD,2026-08-01T06:24:00+00:00,2026-08-01T06:24:00+00:00
385,ORD-0000000385,64,cancelled,416.97,USD,2026-08-01T06:25:00+00:00,2026-08-01T06:25:00+00:00
386,ORD-0000000386,47,shipped,414.79,USD,2026-08-01T06:26:00+00:00,2026-08-01T06:26:00+00:00
387,ORD-0000000387,70,paid,2842.89,USD,2026-08-01T06:27:00+00:00,2026-08-01T06:27:00+00:00
388,ORD-0000000388,6,pending,2724.69,USD,2026-08-01T06:28:00+00:00,2026-08-01T06:28:00+00:00
389,ORD-0000000389,11,cancelled,2392.98,USD,2026-08-01T06:29:00+00:00,2026-08-01T06:29:00+00:00
390,ORD-0000000390,42,delivered,1183.38,USD,2026-08-01T06:30:00+00:00,2026-08-01T06:30:00+00:00
391,ORD-0000000391,12,delivered,1530.35,USD,2026-08-01T06:31:00+00:00,2026-08-01T06:31:00+00:00
392,ORD-0000000392,78,pending,1673.58,USD,2026-08-01T06:32:00+00:00,2026-08-01T06:32:00+00:00
393,ORD-0000000393,90,pending,1995.75,USD,2026-08-01T06:33:00+00:00,2026-08-01T06:33:00+00:00
394,ORD-0000000394,93,shipped,702.55,USD,2026-08-01T06:34:00+00:00,2026-08-01T06:34:00+00:00
395,ORD-0000000395,99,pending,2825.09,USD,2026-08-01T06:35:00+00:00,2026-08-01T06:35:00+00:00
396,ORD-0000000396,81,pending,3798.58,USD,2026-08-01T06:36:00+00:00,2026-08-01T06:36:00+00:00
397,ORD-0000000397,21,shipped,50.57,USD,2026-08-01T06:37:00+00:00,2026-08-01T06:37:00+00:00
398,ORD-0000000398,30,cancelled,165.48,USD,2026-08-01T06:38:00+00:00,2026-08-01T06:38:00+00:00
399,ORD-0000000399,32,pending,1619.03,USD,2026-08-01T06:39:00+00:00,2026-08-01T06:39:00+00:00
400,ORD-0000000400,42,paid,2293.70,USD,2026-08-01T06:40:00+00:00,2026-08-01T06:40:00+00:00
401,ORD-0000000401,87,pending,2132.49,USD,2026-08-01T06:41:00+00:00,2026-08-01T06:41:00+00:00
402,ORD-0000000402,9,delivered,2097.02,USD,2026-08-01T06:42:00+00:00,2026-08-01T06:42:00+00:00
403,ORD-0000000403,2,shipped,280.57,USD,2026-08-01T06:43:00+00:00,2026-08-01T06:43:00+00:00
404,ORD-0000000404,32,delivered,2984.24,USD,2026-08-01T06:44:00+00:00,2026-08-01T06:44:00+00:00
405,ORD-0000000405,20,pending,2711.15,USD,2026-08-01T06:45:00+00:00,2026-08-01T06:45:00+00:00
406,ORD-0000000406,95,shipped,2371.20,USD,2026-08-01T06:46:00+00:00,2026-08-01T06:46:00+00:00
407,ORD-0000000407,31,delivered,1383.90,USD,2026-08-01T06:47:00+00:00,2026-08-01T06:47:00+00:00
408,ORD-0000000408,53,shipped,5361.33,USD,2026-08-01T06:48:00+00:00,2026-08-01T06:48:00+00:00
409,ORD-0000000409,76,cancelled,356.68,USD,2026-08-01T06:49:00+00:00,2026-08-01T06:49:00+00:00
410,ORD-0000000410,31,shipped,2041.32,USD,2026-08-01T06:50:00+00:00,2026-08-01T06:50:00+00:00
411,ORD-0000000411,35,paid,745.60,USD,2026-08-01T06:51:00+00:00,2026-08-01T06:51:00+00:00
412,ORD-0000000412,100,cancelled,66.39,USD,2026-08-01T06:52:00+00:00,2026-08-01T06:52:00+00:00
413,ORD-0000000413,22,delivered,3600.50,USD,2026-08-01T06:53:00+00:00,2026-08-01T06:53:00+00:00
414,ORD-0000000414,60,shipped,980.78,USD,2026-08-01T06:54:00+00:00,2026-08-01T06:54:00+00:00
415,ORD-0000000415,88,shipped,3703.82,USD,2026-08-01T06:55:00+00:00,2026-08-01T06:55:00+00:00
416,ORD-0000000416,87,shipped,4394.78,USD,2026-08-01T06:56:00+00:00,2026-08-01T06:56:00+00:00
417,ORD-0000000417,32,pending,1353.86,USD,2026-08-01T06:57:00+00:00,2026-08-01T06:57:00+00:00
418,ORD-0000000418,52,shipped,2191.75,USD,2026-08-01T06:58:00+00:00,2026-08-01T06:58:00+00:00
419,ORD-0000000419,34,pending,144.32,USD,2026-08-01T06:59:00+00:00,2026-08-01T06:59:00+00:00
420,ORD-0000000420,83,delivered,677.48,USD,2026-08-01T07:00:00+00:00,2026-08-01T07:00:00+00:00
421,ORD-0000000421,60,pending,915.64,USD,2026-08-01T07:01:00+00:00,2026-08-01T07:01:00+00:00
422,ORD-0000000422,4,delivered,2918.70,USD,2026-08-01T07:02:00+00:00,2026-08-01T07:02:00+00:00
423,ORD-0000000423,79,cancelled,3101.74,USD,2026-08-01T07:03:00+00:00,2026-08-01T07:03:00+00:00
424,ORD-0000000424,50,paid,4558.80,USD,2026-08-01T07:04:00+00:00,2026-08-01T07:04:00+00:00
425,ORD-0000000425,62,cancelled,1751.56,USD,2026-08-01T07:05:00+00:00,2026-08-01T07:05:00+00:00
426,ORD-0000000426,41,cancelled,1894.03,USD,2026-08-01T07:06:00+00:00,2026-08-01T07:06:00+00:00
427,ORD-0000000427,61,cancelled,2209.81,USD,2026-08-01T07:07:00+00:00,2026-08-01T07:07:00+00:00
428,ORD-0000000428,85,paid,3134.45,USD,2026-08-01T07:08:00+00:00,2026-08-01T07:08:00+00:00
429,ORD-0000000429,46,paid,2154.81,USD,2026-08-01T07:09:00+00:00,2026-08-01T07:09:00+00:00
430,ORD-0000000430,76,pending,1652.63,USD,2026-08-01T07:10:00+00:00,2026-08-01T07:10:00+00:00
431,ORD-0000000431,23,delivered,490.39,USD,2026-08-01T07:11:00+00:00,2026-08-01T07:11:00+00:00
432,ORD-0000000432,30,cancelled,2380.85,USD,2026-08-01T07:12:00+00:00,2026-08-01T07:12:00+00:00
433,ORD-0000000433,43,cancelled,612.89,USD,2026-08-01T07:13:00+00:00,2026-08-01T07:13:00+00:00
434,ORD-0000000434,8,pending,1018.99,USD,2026-08-01T07:14:00+00:00,2026-08-01T07:14:00+00:00
435,ORD-0000000435,68,shipped,902.32,USD,2026-08-01T07:15:00+00:00,2026-08-01T07:15:00+00:00
436,ORD-0000000436,76,pending,1450.28,USD,2026-08-01T07:16:00+00:00,2026-08-01T07:16:00+00:00
437,ORD-0000000437,84,shipped,1104.45,USD,2026-08-01T07:17:00+00:00,2026-08-01T07:17:00+00:00
438,ORD-0000000438,29,cancelled,416.55,USD,2026-08-01T07:18:00+00:00,2026-08-01T07:18:00+00:00
439,ORD-0000000439,23,pending,4186.62,USD,2026-08-01T07:19:00+00:00,2026-08-01T07:19:00+00:00
440,ORD-0000000440,14,delivered,1092.99,USD,2026-08-01T07:20:00+00:00,2026-08-01T07:20:00+00:00
441,ORD-0000000441,45,shipped,2175.10,USD,2026-08-01T07:21:00+00:00,2026-08-01T07:21:00+00:00
442,ORD-0000000442,2,shipped,1022.69,USD,2026-08-01T07:22:00+00:00,2026-08-01T07:22:00+00:00
443,ORD-0000000443,33,pending,385.72,USD,2026-08-01T07:23:00+00:00,2026-08-01T07:23:00+00:00
444,ORD-0000000444,57,delivered,1680.78,USD,2026-08-01T07:24:00+00:00,2026-08-01T07:24:00+00:00
445,ORD-0000000445,70,delivered,433.95,USD,2026-08-01T07:25:00+00:00,2026-08-01T07:25:00+00:00
446,ORD-0000000446,84,paid,249.94,USD,2026-08-01T07:26:00+00:00,2026-08-01T07:26:00+00:00
447,ORD-0000000447,3,shipped,1387.62,USD,2026-08-01T07:27:00+00:00,2026-08-01T07:27:00+00:00
448,ORD-0000000448,94,pending,2762.94,USD,2026-08-01T07:28:00+00:00,2026-08-01T07:28:00+00:00
449,ORD-0000000449,21,pending,374.18,USD,2026-08-01T07:29:00+00:00,2026-08-01T07:29:00+00:00
450,ORD-0000000450,25,delivered,1781.76,USD,2026-08-01T07:30:00+00:00,2026-08-01T07:30:00+00:00
451,ORD-0000000451,74,cancelled,1428.48,USD,2026-08-01T07:31:00+00:00,2026-08-01T07:31:00+00:00
452,ORD-0000000452,62,paid,981.94,USD,2026-08-01T07:32:00+00:00,2026-08-01T07:32:00+00:00
453,ORD-0000000453,22,shipped,86.79,USD,2026-08-01T07:33:00+00:00,2026-08-01T07:33:00+00:00
454,ORD-0000000454,40,delivered,5021.59,USD,2026-08-01T07:34:00+00:00,2026-08-01T07:34:00+00:00
455,ORD-0000000455,49,shipped,762.30,USD,2026-08-01T07:35:00+00:00,2026-08-01T07:35:00+00:00
456,ORD-0000000456,60,shipped,288.44,USD,2026-08-01T07:36:00+00:00,2026-08-01T07:36:00+00:00
457,ORD-0000000457,97,pending,1264.77,USD,2026-08-01T07:37:00+00:00,2026-08-01T07:37:00+00:00
458,ORD-0000000458,70,delivered,4061.95,USD,2026-08-01T07:38:00+00:00,2026-08-01T07:38:00+00:00
459,ORD-0000000459,61,shipped,68.37,USD,2026-08-01T07:39:00+00:00,2026-08-01T07:39:00+00:00
460,ORD-0000000460,65,cancelled,1922.26,USD,2026-08-01T07:40:00+00:00,2026-08-01T07:40:00+00:00
461,ORD-0000000461,17,pending,3854.60,USD,2026-08-01T07:41:00+00:00,2026-08-01T07:41:00+00:00
462,ORD-0000000462,94,pending,328.85,USD,2026-08-01T07:42:00+00:00,2026-08-01T07:42:00+00:00
463,ORD-0000000463,51,cancelled,3802.50,USD,2026-08-01T07:43:00+00:00,2026-08-01T07:43:00+00:00
464,ORD-0000000464,67,delivered,460.80,USD,2026-08-01T07:44:00+00:00,2026-08-01T07:44:00+00:00
465,ORD-0000000465,19,cancelled,4241.88,USD,2026-08-01T07:45:00+00:00,2026-08-01T07:45:00+00:00
466,ORD-0000000466,34,delivered,1363.18,USD,2026-08-01T07:46:00+00:00,2026-08-01T07:46:00+00:00
467,ORD-0000000467,80,cancelled,1890.46,USD,2026-08-01T07:47:00+00:00,2026-08-01T07:47:00+00:00
468,ORD-0000000468,48,pending,990.34,USD,2026-08-01T07:48:00+00:00,2026-08-01T07:48:00+00:00
469,ORD-0000000469,39,delivered,1577.25,USD,2026-08-01T07:49:00+00:00,2026-08-01T07:49:00+00:00
470,ORD-0000000470,57,paid,2704.75,USD,2026-08-01T07:50:00+00:00,2026-08-01T07:50:00+00:00
471,ORD-0000000471,9,shipped,1846.74,USD,2026-08-01T07:51:00+00:00,2026-08-01T07:51:00+00:00
472,ORD-0000000472,32,pending,3399.19,USD,2026-08-01T07:52:00+00:00,2026-08-01T07:52:00+00:00
473,ORD-0000000473,51,pending,839.76,USD,2026-08-01T07:53:00+00:00,2026-08-01T07:53:00+00:00
474,ORD-0000000474,63,cancelled,2728.63,USD,2026-08-01T07:54:00+00:00,2026-08-01T07:54:00+00:00
475,ORD-0000000475,96,pending,1503.65,USD,2026-08-01T07:55:00+00:00,2026-08-01T07:55:00+00:00
476,ORD-0000000476,29,paid,1685.00,USD,2026-08-01T07:56:00+00:00,2026-08-01T07:56:00+00:00
477,ORD-0000000477,3,pending,2571.89,USD,2026-08-01T07:57:00+00:00,2026-08-01T07:57:00+00:00
478,ORD-0000000478,40,shipped,3131.01,USD,2026-08-01T07:58:00+00:00,2026-08-01T07:58:00+00:00
479,ORD-0000000479,80,delivered,5977.11,USD,2026-08-01T07:59:00+00:00,2026-08-01T07:59:00+00:00
480,ORD-0000000480,88,pending,1553.19,USD,2026-08-01T08:00:00+00:00,2026-08-01T08:00:00+00:00
481,ORD-0000000481,25,paid,1795.28,USD,2026-08-01T08:01:00+00:00,2026-08-01T08:01:00+00:00
482,ORD-0000000482,34,delivered,2607.89,USD,2026-08-01T08:02:00+00:00,2026-08-01T08:02:00+00:00
483,ORD-0000000483,88,cancelled,2636.03,USD,2026-08-01T08:03:00+00:00,2026-08-01T08:03:00+00:00
484,ORD-0000000484,13,delivered,2863.51,USD,2026-08-01T08:04:00+00:00,2026-08-01T08:04:00+00:00
485,ORD-0000000485,88,shipped,1393.83,USD,2026-08-01T08:05:00+00:00,2026-08-01T08:05:00+00:00
486,ORD-0000000486,29,shipped,3516.37,USD,2026-08-01T08:06:00+00:00,2026-08-01T08:06:00+00:00
487,ORD-0000000487,7,cancelled,3465.62,USD,2026-08-01T08:07:00+00:00,2026-08-01T08:07:00+00:00
488,ORD-0000000488,7,paid,2426.65,USD,2026-08-01T08:08:00+00:00,2026-08-01T08:08:00+00:00
489,ORD-0000000489,59,paid,3003.73,USD,2026-08-01T08:09:00+00:00,2026-08-01T08:09:00+00:00
490,ORD-0000000490,81,paid,729.91,USD,2026-08-01T08:10:00+00:00,2026-08-01T08:10:00+00:00
491,ORD-0000000491,98,paid,5549.14,USD,2026-08-01T08:11:00+00:00,2026-08-01T08:11:00+00:00
492,ORD-0000000492,55,delivered,2989.30,USD,2026-08-01T08:12:00+00:00,2026-08-01T08:12:00+00:00
493,ORD-0000000493,25,pending,142.36,USD,2026-08-01T08:13:00+00:00,2026-08-01T08:13:00+00:00
494,ORD-0000000494,29,shipped,2138.36,USD,2026-08-01T08:14:00+00:00,2026-08-01T08:14:00+00:00
495,ORD-0000000495,22,pending,328.86,USD,2026-08-01T08:15:00+00:00,2026-08-01T08:15:00+00:00
496,ORD-0000000496,59,cancelled,3074.07,USD,2026-08-01T08:16:00+00:00,2026-08-01T08:16:00+00:00
497,ORD-0000000497,52,pending,1289.12,USD,2026-08-01T08:17:00+00:00,2026-08-01T08:17:00+00:00
498,ORD-0000000498,94,pending,4011.87,USD,2026-08-01T08:18:00+00:00,2026-08-01T08:18:00+00:00
499,ORD-0000000499,7,cancelled,421.59,USD,2026-08-01T08:19:00+00:00,2026-08-01T08:19:00+00:00
500,ORD-0000000500,84,pending,247.59,USD,2026-08-01T08:20:00+00:00,2026-08-01T08:20:00+00:00
