order_item_id,order_id,product_sku,quantity,unit_price,created_at
1,1,SKU-00000011,4,157.46,2026-08-01T00:01:00+00:00
2,1,SKU-00000030,3,306.07,2026-08-01T00:01:00+00:00
3,2,SKU-00000044,1,244.08,2026-08-01T00:02:00+00:00
4,2,SKU-00000021,2,281.95,2026-08-01T00:02:00+00:00
5,3,SKU-00000018,3,187.30,2026-08-01T00:03:00+00:00
6,3,SKU-00000005,2,72.16,2026-08-01T00:03:00+00:00
7,3,SKU-00000014,4,474.24,2026-08-01T00:03:00+00:00
8,3,SKU-00000037,4,50.57,2026-08-01T00:03:00+00:00
9,4,SKU-00000017,2,299.38,2026-08-01T00:04:00+00:00
10,4,SKU-00000009,5,25.81,2026-08-01T00:04:00+00:00
11,5,SKU-00000028,2,178.34,2026-08-01T00:05:00+00:00
12,5,SKU-00000038,5,438.35,2026-08-01T00:05:00+00:00
13,5,SKU-00000026,4,68.37,2026-08-01T00:05:00+00:00
14,5,SKU-00000024,1,225.58,2026-08-01T00:05:00+00:00
15,5,SKU-00000015,1,464.61,2026-08-01T00:05:00+00:00
16,6,SKU-00000044,5,244.08,2026-08-01T00:06:00+00:00
17,6,SKU-00000028,1,178.34,2026-08-01T00:06:00+00:00
18,7,SKU-00000030,1,306.07,2026-08-01T00:07:00+00:00
19,7,SKU-00000034,5,416.97,2026-08-01T00:07:00+00:00
20,7,SKU-00000017,3,299.38,2026-08-01T00:07:00+00:00
21,7,SKU-00000036,3,131.00,2026-08-01T00:07:00+00:00
22,7,SKU-00000001,1,77.95,2026-08-01T00:07:00+00:00
23,8,SKU-00000030,3,306.07,2026-08-01T00:08:00+00:00
24,8,SKU-00000001,5,77.95,2026-08-01T00:08:00+00:00
25,9,SKU-00000007,2,362.40,2026-08-01T00:09:00+00:00
26,9,SKU-00000041,2,71.18,2026-08-01T00:09:00+00:00
27,9,SKU-00000020,3,109.62,2026-08-01T00:09:00+00:00
28,9,SKU-00000033,2,366.77,2026-08-01T00:09:00+00:00
29,9,SKU-00000039,5,194.64,2026-08-01T00:09:00+00:00
30,10,SKU-00000039,3,194.64,2026-08-01T00:10:00+00:00
31,11,SKU-00000024,3,225.58,2026-08-01T00:11:00+00:00
32,12,SKU-00000037,1,50.57,2026-08-01T00:12:00+00:00
33,12,SKU-00000006,4,490.39,2026-08-01T00:12:00+00:00
34,13,SKU-00000009,4,25.81,2026-08-01T00:13:00+00:00
35,13,SKU-00000043,5,421.59,2026-08-01T00:13:00+00:00
36,14,SKU-00000039,2,194.64,2026-08-01T00:14:00+00:00
37,14,SKU-00000028,3,178.34,2026-08-01T00:14:00+00:00
38,14,SKU-00000014,4,474.24,2026-08-01T00:14:00+00:00
39,14,SKU-00000035,3,241.99,2026-08-01T00:14:00+00:00
40,14,SKU-00000049,4,51.78,2026-08-01T00:14:00+00:00
41,15,SKU-00000016,2,279.92,2026-08-01T00:15:00+00:00
42,16,SKU-00000038,5,438.35,2026-08-01T00:16:00+00:00
43,17,SKU-00000001,1,77.95,2026-08-01T00:17:00+00:00
44,17,SKU-00000005,2,72.16,2026-08-01T00:17:00+00:00
45,18,SKU-00000005,3,72.16,2026-08-01T00:18:00+00:00
46,18,SKU-00000033,4,366.77,2026-08-01T00:18:00+00:00
47,18,SKU-00000016,2,279.92,2026-08-01T00:18:00+00:00
48,19,SKU-00000037,1,50.57,2026-08-01T00:19:00+00:00
49,19,SKU-00000031,1,86.79,2026-08-01T00:19:00+00:00
50,19,SKU-00000016,4,279.92,2026-08-01T00:19:00+00:00
51,19,SKU-00000027,3,230.40,2026-08-01T00:19:00+00:00
52,19,SKU-00000013,4,372.80,2026-08-01T00:19:00+00:00
53,20,SKU-00000044,1,244.08,2026-08-01T00:20:00+00:00
54,21,SKU-00000007,2,362.40,2026-08-01T00:21:00+00:00
55,21,SKU-00000016,5,279.92,2026-08-01T00:21:00+00:00
56,21,SKU-00000013,4,372.80,2026-08-01T00:21:00+00:00
57,22,SKU-00000018,2,187.30,2026-08-01T00:22:00+00:00
58,22,SKU-00000030,1,306.07,2026-08-01T00:22:00+00:00
59,23,SKU-00000004,5,96.43,2026-08-01T00:23:00+00:00
60,24,SKU-00000011,4,157.46,2026-08-01T00:24:00+00:00
61,24,SKU-00000027,4,230.40,2026-08-01T00:24:00+00:00
62,25,SKU-00000011,4,157.46,2026-08-01T00:25:00+00:00
63,26,SKU-00000030,5,306.07,2026-08-01T00:26:00+00:00
64,26,SKU-00000019,4,9.24,2026-08-01T00:26:00+00:00
65,26,SKU-00000028,2,178.34,2026-08-01T00:26:00+00:00
66,27,SKU-00000004,5,96.43,2026-08-01T00:27:00+00:00
67,27,SKU-00000038,1,438.35,2026-08-01T00:27:00+00:00
68,28,SKU-00000004,5,96.43,2026-08-01T00:28:00+00:00
69,29,SKU-00000011,1,157.46,2026-08-01T00:29:00+00:00
70,29,SKU-00000004,5,96.43,2026-08-01T00:29:00+00:00
71,29,SKU-00000033,1,366.77,2026-08-01T00:29:00+00:00
72,29,SKU-00000006,2,490.39,2026-08-01T00:29:00+00:00
73,29,SKU-00000012,4,399.52,2026-08-01T00:29:00+00:00
74,30,SKU-00000038,1,438.35,2026-08-01T00:30:00+00:00
75,30,SKU-00000039,5,194.64,2026-08-01T00:30:00+00:00
76,31,SKU-00000037,3,50.57,2026-08-01T00:31:00+00:00
77,31,SKU-00000034,2,416.97,2026-08-01T00:31:00+00:00
78,31,SKU-00000021,3,281.95,2026-08-01T00:31:00+00:00
79,31,SKU-00000017,4,299.38,2026-08-01T00:31:00+00:00
80,31,SKU-00000014,2,474.24,2026-08-01T00:31:00+00:00
81,32,SKU-00000021,4,281.95,2026-08-01T00:32:00+00:00
82,32,SKU-00000049,5,51.78,2026-08-01T00:32:00+00:00
83,32,SKU-00000005,5,72.16,2026-08-01T00:32:00+00:00
84,32,SKU-00000001,1,77.95,2026-08-01T00:32:00+00:00
85,33,SKU-00000033,2,366.77,2026-08-01T00:33:00+00:00
86,33,SKU-00000017,3,299.38,2026-08-01T00:33:00+00:00
87,34,SKU-00000019,5,9.24,2026-08-01T00:34:00+00:00
88,34,SKU-00000011,3,157.46,2026-08-01T00:34:00+00:00
89,34,SKU-00000029,5,33.46,2026-08-01T00:34:00+00:00
90,35,SKU-00000043,5,421.59,2026-08-01T00:35:00+00:00
91,36,SKU-00000017,1,299.38,2026-08-01T00:36:00+00:00
92,36,SKU-00000008,5,391.97,2026-08-01T00:36:00+00:00
93,37,SKU-00000039,3,194.64,2026-08-01T00:37:00+00:00
94,37,SKU-00000014,2,474.24,2026-08-01T00:37:00+00:00
95,37,SKU-00000046,3,142.29,2026-08-01T00:37:00+00:00
96,38,SKU-00000004,4,96.43,2026-08-01T00:38:00+00:00
97,38,SKU-00000006,3,490.39,2026-08-01T00:38:00+00:00
98,38,SKU-00000041,1,71.18,2026-08-01T00:38:00+00:00
99,39,SKU-00000041,2,71.18,2026-08-01T00:39:00+00:00
100,39,SKU-00000017,4,299.38,2026-08-01T00:39:00+00:00
101,40,SKU-00000001,5,77.95,2026-08-01T00:40:00+00:00
102,40,SKU-00000008,1,391.97,2026-08-01T00:40:00+00:00
103,40,SKU-00000005,3,72.16,2026-08-01T00:40:00+00:00
104,40,SKU-00000045,5,247.59,2026-08-01T00:40:00+00:00
105,40,SKU-00000010,5,66.39,2026-08-01T00:40:00+00:00
106,41,SKU-00000003,3,165.48,2026-08-01T00:41:00+00:00
107,41,SKU-00000020,1,109.62,2026-08-01T00:41:00+00:00
108,42,SKU-00000043,3,421.59,2026-08-01T00:42:00+00:00
109,42,SKU-00000007,5,362.40,2026-08-01T00:42:00+00:00
110,43,SKU-00000016,2,279.92,2026-08-01T00:43:00+00:00
111,43,SKU-00000011,4,157.46,2026-08-01T00:43:00+00:00
112,44,SKU-00000027,2,230.40,2026-08-01T00:44:00+00:00
113,44,SKU-00000043,3,421.59,2026-08-01T00:44:00+00:00
114,44,SKU-00000048,2,452.95,2026-08-01T00:44:00+00:00
115,45,SKU-00000003,4,165.48,2026-08-01T00:45:00+00:00
116,45,SKU-00000031,3,86.79,2026-08-01T00:45:00+00:00
117,45,SKU-00000015,3,464.61,2026-08-01T00:45:00+00:00
118,45,SKU-00000013,2,372.80,2026-08-01T00:45:00+00:00
119,46,SKU-00000026,3,68.37,2026-08-01T00:46:00+00:00
120,46,SKU-00000022,1,187.09,2026-08-01T00:46:00+00:00
121,47,SKU-00000042,5,187.16,2026-08-01T00:47:00+00:00
122,47,SKU-00000033,3,366.77,2026-08-01T00:47:00+00:00
123,47,SKU-00000026,1,68.37,2026-08-01T00:47:00+00:00
124,48,SKU-00000038,1,438.35,2026-08-01T00:48:00+00:00
125,48,SKU-00000017,1,299.38,2026-08-01T00:48:00+00:00
126,49,SKU-00000047,5,179.95,2026-08-01T00:49:00+00:00
127,49,SKU-00000021,5,281.95,2026-08-01T00:49:00+00:00
128,49,SKU-00000028,1,178.34,2026-08-01T00:49:00+00:00
129,50,SKU-00000017,4,299.38,2026-08-01T00:50:00+00:00
130,50,SKU-00000003,1,165.48,2026-08-01T00:50:00+00:00
131,51,SKU-00000024,1,225.58,2026-08-01T00:51:00+00:00
132,51,SKU-00000028,3,178.34,2026-08-01T00:51:00+00:00
133,52,SKU-00000047,3,179.95,2026-08-01T00:52:00+00:00
134,53,SKU-00000021,5,281.95,2026-08-01T00:53:00+00:00
135,53,SKU-00000026,2,68.37,2026-08-01T00:53:00+00:00
136,53,SKU-00000045,2,247.59,2026-08-01T00:53:00+00:00
137,53,SKU-00000019,4,9.24,2026-08-01T00:53:00+00:00
138,54,SKU-00000040,3,157.55,2026-08-01T00:54:00+00:00
139,54,SKU-00000037,4,50.57,2026-08-01T00:54:00+00:00
140,55,SKU-00000019,5,9.24,2026-08-01T00:55:00+00:00
141,55,SKU-00000014,5,474.24,2026-08-01T00:55:00+00:00
142,55,SKU-00000028,3,178.34,2026-08-01T00:55:00+00:00
143,56,SKU-00000044,2,244.08,2026-08-01T00:56:00+00:00
144,56,SKU-00000014,1,474.24,2026-08-01T00:56:00+00:00
145,56,SKU-00000033,3,366.77,2026-08-01T00:56:00+00:00
146,56,SKU-00000031,5,86.79,2026-08-01T00:56:00+00:00
147,57,SKU-00000006,3,490.39,2026-08-01T00:57:00+00:00
148,57,SKU-00000049,2,51.78,2026-08-01T00:57:00+00:00
149,57,SKU-00000016,2,279.92,2026-08-01T00:57:00+00:00
150,58,SKU-00000016,4,279.92,2026-08-01T00:58:00+00:00
151,59,SKU-00000027,4,230.40,2026-08-01T00:59:00+00:00
152,59,SKU-00000041,4,71.18,2026-08-01T00:59:00+00:00
153,59,SKU-00000037,4,50.57,2026-08-01T00:59:00+00:00
154,59,SKU-00000013,2,372.80,2026-08-01T00:59:00+00:00
155,60,SKU-00000050,4,421.12,2026-08-01T01:00:00+00:00
156,61,SKU-00000030,4,306.07,2026-08-01T01:01:00+00:00
157,61,SKU-00000004,2,96.43,2026-08-01T01:01:00+00:00
158,61,SKU-00000036,4,131.00,2026-08-01T01:01:00+00:00
159,61,SKU-00000016,5,279.92,2026-08-01T01:01:00+00:00
160,61,SKU-00000008,5,391.97,2026-08-01T01:01:00+00:00
161,62,SKU-00000040,5,157.55,2026-08-01T01:02:00+00:00
162,62,SKU-00000047,4,179.95,2026-08-01T01:02:00+00:00
163,62,SKU-00000033,2,366.77,2026-08-01T01:02:00+00:00
164,62,SKU-00000028,4,178.34,2026-08-01T01:02:00+00:00
165,63,SKU-00000041,5,71.18,2026-08-01T01:03:00+00:00
166,63,SKU-00000018,4,187.30,2026-08-01T01:03:00+00:00
167,64,SKU-00000029,3,33.46,2026-08-01T01:04:00+00:00
168,64,SKU-00000005,2,72.16,2026-08-01T01:04:00+00:00
169,64,SKU-00000046,3,142.29,2026-08-01T01:04:00+00:00
170,65,SKU-00000006,2,490.39,2026-08-01T01:05:00+00:00
171,65,SKU-00000009,2,25.81,2026-08-01T01:05:00+00:00
172,65,SKU-00000010,1,66.39,2026-08-01T01:05:00+00:00
173,65,SKU-00000015,4,464.61,2026-08-01T01:05:00+00:00
174,65,SKU-00000025,4,65.77,2026-08-01T01:05:00+00:00
175,66,SKU-00000027,5,230.40,2026-08-01T01:06:00+00:00
176,66,SKU-00000004,1,96.43,2026-08-01T01:06:00+00:00
177,66,SKU-00000014,5,474.24,2026-08-01T01:06:00+00:00
178,66,SKU-00000025,4,65.77,2026-08-01T01:06:00+00:00
179,67,SKU-00000020,4,109.62,2026-08-01T01:07:00+00:00
180,67,SKU-00000049,5,51.78,2026-08-01T01:07:00+00:00
181,67,SKU-00000025,5,65.77,2026-08-01T01:07:00+00:00
182,68,SKU-00000015,1,464.61,2026-08-01T01:08:00+00:00
183,68,SKU-00000018,4,187.30,2026-08-01T01:08:00+00:00
184,68,SKU-00000028,3,178.34,2026-08-01T01:08:00+00:00
185,68,SKU-00000032,4,253.06,2026-08-01T01:08:00+00:00
186,69,SKU-00000009,4,25.81,2026-08-01T01:09:00+00:00
187,69,SKU-00000040,5,157.55,2026-08-01T01:09:00+00:00
188,69,SKU-00000035,5,241.99,2026-08-01T01:09:00+00:00
189,69,SKU-00000002,1,490.97,2026-08-01T01:09:00+00:00
190,70,SKU-00000030,1,306.07,2026-08-01T01:10:00+00:00
191,70,SKU-00000012,3,399.52,2026-08-01T01:10:00+00:00
192,71,SKU-00000030,3,306.07,2026-08-01T01:11:00+00:00
193,71,SKU-00000021,4,281.95,2026-08-01T01:11:00+00:00
194,72,SKU-00000006,5,490.39,2026-08-01T01:12:00+00:00
195,72,SKU-00000031,1,86.79,2026-08-01T01:12:00+00:00
196,72,SKU-00000002,3,490.97,2026-08-01T01:12:00+00:00
197,73,SKU-00000049,1,51.78,2026-08-01T01:13:00+00:00
198,74,SKU-00000040,2,157.55,2026-08-01T01:14:00+00:00
199,75,SKU-00000043,4,421.59,2026-08-01T01:15:00+00:00
200,75,SKU-00000008,3,391.97,2026-08-01T01:15:00+00:00
201,75,SKU-00000037,3,50.57,2026-08-01T01:15:00+00:00
202,75,SKU-00000014,2,474.24,2026-08-01T01:15:00+00:00
203,76,SKU-00000050,2,421.12,2026-08-01T01:16:00+00:00
204,77,SKU-00000002,4,490.97,2026-08-01T01:17:00+00:00
205,77,SKU-00000020,2,109.62,2026-08-01T01:17:00+00:00
206,77,SKU-00000037,1,50.57,2026-08-01T01:17:00+00:00
207,77,SKU-00000044,5,244.08,2026-08-01T01:17:00+00:00
208,77,SKU-00000025,2,65.77,2026-08-01T01:17:00+00:00
209,78,SKU-00000008,4,391.97,2026-08-01T01:18:00+00:00
210,78,SKU-00000037,3,50.57,2026-08-01T01:18:00+00:00
211,78,SKU-00000003,1,165.48,2026-08-01T01:18:00+00:00
212,78,SKU-00000023,5,146.09,2026-08-01T01:18:00+00:00
213,78,SKU-00000035,3,241.99,2026-08-01T01:18:00+00:00
214,79,SKU-00000007,4,362.40,2026-08-01T01:19:00+00:00
215,79,SKU-00000028,2,178.34,2026-08-01T01:19:00+00:00
216,79,SKU-00000024,4,225.58,2026-08-01T01:19:00+00:00
217,79,SKU-00000041,2,71.18,2026-08-01T01:19:00+00:00
218,80,SKU-00000040,4,157.55,2026-08-01T01:20:00+00:00
219,80,SKU-00000035,4,241.99,2026-08-01T01:20:00+00:00
220,80,SKU-00000050,4,421.12,2026-08-01T01:20:00+00:00
221,81,SKU-00000021,3,281.95,2026-08-01T01:21:00+00:00
222,81,SKU-00000016,4,279.92,2026-08-01T01:21:00+00:00
223,81,SKU-00000006,2,490.39,2026-08-01T01:21:00+00:00
224,82,SKU-00000040,4,157.55,2026-08-01T01:22:00+00:00
225,82,SKU-00000043,3,421.59,2026-08-01T01:22:00+00:00
226,82,SKU-00000025,2,65.77,2026-08-01T01:22:00+00:00
227,82,SKU-00000022,4,187.09,2026-08-01T01:22:00+00:00
228,82,SKU-00000002,2,490.97,2026-08-01T01:22:00+00:00
229,83,SKU-00000018,3,187.30,2026-08-01T01:23:00+00:00
230,83,SKU-00000039,5,194.64,2026-08-01T01:23:00+00:00
231,83,SKU-00000045,1,247.59,2026-08-01T01:23:00+00:00
232,84,SKU-00000016,4,279.92,2026-08-01T01:24:00+00:00
233,85,SKU-00000045,4,247.59,2026-08-01T01:25:00+00:00
234,85,SKU-00000031,4,86.79,2026-08-01T01:25:00+00:00
235,86,SKU-00000015,2,464.61,2026-08-01T01:26:00+00:00
236,86,SKU-00000026,3,68.37,2026-08-01T01:26:00+00:00
237,86,SKU-00000045,5,247.59,2026-08-01T01:26:00+00:00
238,87,SKU-00000034,3,416.97,2026-08-01T01:27:00+00:00
239,87,SKU-00000023,3,146.09,2026-08-01T01:27:00+00:00
240,87,SKU-00000028,4,178.34,2026-08-01T01:27:00+00:00
241,87,SKU-00000048,3,452.95,2026-08-01T01:27:00+00:00
242,87,SKU-00000036,3,131.00,2026-08-01T01:27:00+00:00
243,88,SKU-00000047,2,179.95,2026-08-01T01:28:00+00:00
244,89,SKU-00000049,4,51.78,2026-08-01T01:29:00+00:00
245,89,SKU-00000045,3,247.59,2026-08-01T01:29:00+00:00
246,89,SKU-00000012,5,399.52,2026-08-01T01:29:00+00:00
247,89,SKU-00000013,5,372.80,2026-08-01T01:29:00+00:00
248,89,SKU-00000014,5,474.24,2026-08-01T01:29:00+00:00
249,90,SKU-00000019,3,9.24,2026-08-01T01:30:00+00:00
250,90,SKU-00000015,2,464.61,2026-08-01T01:30:00+00:00
251,91,SKU-00000009,3,25.81,2026-08-01T01:31:00+00:00
252,91,SKU-00000018,2,187.30,2026-08-01T01:31:00+00:00
253,91,SKU-00000003,4,165.48,2026-08-01T01:31:00+00:00
254,91,SKU-00000004,1,96.43,2026-08-01T01:31:00+00:00
255,91,SKU-00000036,1,131.00,2026-08-01T01:31:00+00:00
256,92,SKU-00000031,1,86.79,2026-08-01T01:32:00+00:00
257,92,SKU-00000029,3,33.46,2026-08-01T01:32:00+00:00
258,92,SKU-00000022,4,187.09,2026-08-01T01:32:00+00:00
259,92,SKU-00000012,1,399.52,2026-08-01T01:32:00+00:00
260,93,SKU-00000005,1,72.16,2026-08-01T01:33:00+00:00
261,93,SKU-00000037,2,50.57,2026-08-01T01:33:00+00:00
262,93,SKU-00000041,2,71.18,2026-08-01T01:33:00+00:00
263,93,SKU-00000044,5,244.08,2026-08-01T01:33:00+00:00
264,94,SKU-00000008,4,391.97,2026-08-01T01:34:00+00:00
265,94,SKU-00000036,5,131.00,2026-08-01T01:34:00+00:00
266,95,SKU-00000050,4,421.12,2026-08-01T01:35:00+00:00
267,95,SKU-00000034,4,416.97,2026-08-01T01:35:00+00:00
268,96,SKU-00000028,5,178.34,2026-08-01T01:36:00+00:00
269,96,SKU-00000020,1,109.62,2026-08-01T01:36:00+00:00
270,96,SKU-00000037,2,50.57,2026-08-01T01:36:00+00:00
271,96,SKU-00000040,2,157.55,2026-08-01T01:36:00+00:00
272,96,SKU-00000004,3,96.43,2026-08-01T01:36:00+00:00
273,97,SKU-00000016,5,279.92,2026-08-01T01:37:00+00:00
274,97,SKU-00000012,1,399.52,2026-08-01T01:37:00+00:00
275,98,SKU-00000029,3,33.46,2026-08-01T01:38:00+00:00
276,98,SKU-00000045,1,247.59,2026-08-01T01:38:00+00:00
277,98,SKU-00000039,2,194.64,2026-08-01T01:38:00+00:00
278,98,SKU-00000031,3,86.79,2026-08-01T01:38:00+00:00
279,99,SKU-00000005,5,72.16,2026-08-01T01:39:00+00:00
280,99,SKU-00000044,2,244.08,2026-08-01T01:39:00+00:00
281,99,SKU-00000015,4,464.61,2026-08-01T01:39:00+00:00
282,99,SKU-00000017,1,299.38,2026-08-01T01:39:00+00:00
283,100,SKU-00000018,1,187.30,2026-08-01T01:40:00+00:00
284,100,SKU-00000010,1,66.39,2026-08-01T01:40:00+00:00
285,101,SKU-00000048,4,452.95,2026-08-01T01:41:00+00:00
286,101,SKU-00000037,3,50.57,2026-08-01T01:41:00+00:00
287,101,SKU-00000019,4,9.24,2026-08-01T01:41:00+00:00
288,101,SKU-00000029,3,33.46,2026-08-01T01:41:00+00:00
289,101,SKU-00000008,5,391.97,2026-08-01T01:41:00+00:00
290,102,SKU-00000006,3,490.39,2026-08-01T01:42:00+00:00
291,102,SKU-00000039,5,194.64,2026-08-01T01:42:00+00:00
292,102,SKU-00000003,3,165.48,2026-08-01T01:42:00+00:00
293,102,SKU-00000028,1,178.34,2026-08-01T01:42:00+00:00
294,103,SKU-00000038,5,438.35,2026-08-01T01:43:00+00:00
295,103,SKU-00000002,1,490.97,2026-08-01T01:43:00+00:00
296,103,SKU-00000049,2,51.78,2026-08-01T01:43:00+00:00
297,103,SKU-00000044,4,244.08,2026-08-01T01:43:00+00:00
298,103,SKU-00000018,5,187.30,2026-08-01T01:43:00+00:00
299,104,SKU-00000012,4,399.52,2026-08-01T01:44:00+00:00
300,104,SKU-00000038,1,438.35,2026-08-01T01:44:00+00:00
301,104,SKU-00000028,4,178.34,2026-08-01T01:44:00+00:00
302,105,SKU-00000021,2,281.95,2026-08-01T01:45:00+00:00
303,105,SKU-00000043,3,421.59,2026-08-01T01:45:00+00:00
304,105,SKU-00000007,4,362.40,2026-08-01T01:45:00+00:00
305,106,SKU-00000043,5,421.59,2026-08-01T01:46:00+00:00
306,106,SKU-00000026,1,68.37,2026-08-01T01:46:00+00:00
307,106,SKU-00000049,4,51.78,2026-08-01T01:46:00+00:00
308,107,SKU-00000021,4,281.95,2026-08-01T01:47:00+00:00
309,107,SKU-00000008,5,391.97,2026-08-01T01:47:00+00:00
310,107,SKU-00000050,1,421.12,2026-08-01T01:47:00+00:00
311,108,SKU-00000027,3,230.40,2026-08-01T01:48:00+00:00
312,108,SKU-00000004,5,96.43,2026-08-01T01:48:00+00:00
313,108,SKU-00000013,4,372.80,2026-08-01T01:48:00+00:00
314,108,SKU-00000034,4,416.97,2026-08-01T01:48:00+00:00
315,109,SKU-00000018,2,187.30,2026-08-01T01:49:00+00:00
316,109,SKU-00000036,3,131.00,2026-08-01T01:49:00+00:00
317,110,SKU-00000002,5,490.97,2026-08-01T01:50:00+00:00
318,111,SKU-00000036,1,131.00,2026-08-01T01:51:00+00:00
319,111,SKU-00000001,2,77.95,2026-08-01T01:51:00+00:00
320,111,SKU-00000027,1,230.40,2026-08-01T01:51:00+00:00
321,112,SKU-00000032,3,253.06,2026-08-01T01:52:00+00:00
322,112,SKU-00000046,5,142.29,2026-08-01T01:52:00+00:00
323,113,SKU-00000031,2,86.79,2026-08-01T01:53:00+00:00
324,113,SKU-00000016,4,279.92,2026-08-01T01:53:00+00:00
325,113,SKU-00000030,2,306.07,2026-08-01T01:53:00+00:00
326,113,SKU-00000036,5,131.00,2026-08-01T01:53:00+00:00
327,114,SKU-00000018,4,187.30,2026-08-01T01:54:00+00:00
328,115,SKU-00000001,3,77.95,2026-08-01T01:55:00+00:00
329,115,SKU-00000019,5,9.24,2026-08-01T01:55:00+00:00
330,115,SKU-00000047,5,179.95,2026-08-01T01:55:00+00:00
331,116,SKU-00000029,4,33.46,2026-08-01T01:56:00+00:00
332,116,SKU-00000035,3,241.99,2026-08-01T01:56:00+00:00
333,117,SKU-00000025,2,65.77,2026-08-01T01:57:00+00:00
334,117,SKU-00000030,5,306.07,2026-08-01T01:57:00+00:00
335,117,SKU-00000021,4,281.95,2026-08-01T01:57:00+00:00
336,117,SKU-00000013,2,372.80,2026-08-01T01:57:00+00:00
337,117,SKU-00000045,4,247.59,2026-08-01T01:57:00+00:00
338,118,SKU-00000046,2,142.29,2026-08-01T01:58:00+00:00
339,118,SKU-00000025,4,65.77,2026-08-01T01:58:00+00:00
340,118,SKU-00000043,1,421.59,2026-08-01T01:58:00+00:00
341,118,SKU-00000042,2,187.16,2026-08-01T01:58:00+00:00
342,119,SKU-00000007,4,362.40,2026-08-01T01:59:00+00:00
343,119,SKU-00000029,1,33.46,2026-08-01T01:59:00+00:00
344,119,SKU-00000034,2,416.97,2026-08-01T01:59:00+00:00
345,120,SKU-00000031,3,86.79,2026-08-01T02:00:00+00:00
346,121,SKU-00000042,5,187.16,2026-08-01T02:01:00+00:00
347,121,SKU-00000006,4,490.39,2026-08-01T02:01:00+00:00
348,121,SKU-00000022,3,187.09,2026-08-01T02:01:00+00:00
349,121,SKU-00000044,4,244.08,2026-08-01T02:01:00+00:00
350,122,SKU-00000005,2,72.16,2026-08-01T02:02:00+00:00
351,122,SKU-00000016,1,279.92,2026-08-01T02:02:00+00:00
352,122,SKU-00000041,4,71.18,2026-08-01T02:02:00+00:00
353,122,SKU-00000044,1,244.08,2026-08-01T02:02:00+00:00
354,122,SKU-00000019,1,9.24,2026-08-01T02:02:00+00:00
355,123,SKU-00000002,1,490.97,2026-08-01T02:03:00+00:00
356,123,SKU-00000003,3,165.48,2026-08-01T02:03:00+00:00
357,123,SKU-00000021,3,281.95,2026-08-01T02:03:00+00:00
358,124,SKU-00000016,4,279.92,2026-08-01T02:04:00+00:00
359,124,SKU-00000034,5,416.97,2026-08-01T02:04:00+00:00
360,125,SKU-00000012,5,399.52,2026-08-01T02:05:00+00:00
361,125,SKU-00000006,4,490.39,2026-08-01T02:05:00+00:00
362,126,SKU-00000038,3,438.35,2026-08-01T02:06:00+00:00
363,126,SKU-00000010,4,66.39,2026-08-01T02:06:00+00:00
364,126,SKU-00000015,3,464.61,2026-08-01T02:06:00+00:00
365,126,SKU-00000030,1,306.07,2026-08-01T02:06:00+00:00
366,127,SKU-00000011,3,157.46,2026-08-01T02:07:00+00:00
367,127,SKU-00000005,4,72.16,2026-08-01T02:07:00+00:00
368,127,SKU-00000029,3,33.46,2026-08-01T02:07:00+00:00
369,127,SKU-00000023,4,146.09,2026-08-01T02:07:00+00:00
370,127,SKU-00000038,3,438.35,2026-08-01T02:07:00+00:00
371,128,SKU-00000007,3,362.40,2026-08-01T02:08:00+00:00
372,128,SKU-00000016,5,279.92,2026-08-01T02:08:00+00:00
373,128,SKU-00000025,3,65.77,2026-08-01T02:08:00+00:00
374,128,SKU-00000037,3,50.57,2026-08-01T02:08:00+00:00
375,129,SKU-00000001,1,77.95,2026-08-01T02:09:00+00:00
376,129,SKU-00000037,5,50.57,2026-08-01T02:09:00+00:00
377,129,SKU-00000044,4,244.08,2026-08-01T02:09:00+00:00
378,130,SKU-00000023,3,146.09,2026-08-01T02:10:00+00:00
379,130,SKU-00000015,2,464.61,2026-08-01T02:10:00+00:00
380,130,SKU-00000041,1,71.18,2026-08-01T02:10:00+00:00
381,130,SKU-00000013,1,372.80,2026-08-01T02:10:00+00:00
382,130,SKU-00000040,3,157.55,2026-08-01T02:10:00+00:00
383,131,SKU-00000024,3,225.58,2026-08-01T02:11:00+00:00
384,131,SKU-00000047,4,179.95,2026-08-01T02:11:00+00:00
385,131,SKU-00000009,2,25.81,2026-08-01T02:11:00+00:00
386,131,SKU-00000006,2,490.39,2026-08-01T02:11:00+00:00
387,131,SKU-00000019,2,9.24,2026-08-01T02:11:00+00:00
388,132,SKU-00000033,3,366.77,2026-08-01T02:12:00+00:00
389,132,SKU-00000018,3,187.30,2026-08-01T02:12:00+00:00
390,132,SKU-00000011,1,157.46,2026-08-01T02:12:00+00:00
391,132,SKU-00000017,4,299.38,2026-08-01T02:12:00+00:00
392,132,SKU-00000031,1,86.79,2026-08-01T02:12:00+00:00
393,133,SKU-00000036,1,131.00,2026-08-01T02:13:00+00:00
394,133,SKU-00000024,3,225.58,2026-08-01T02:13:00+00:00
395,133,SKU-00000006,5,490.39,2026-08-01T02:13:00+00:00
396,133,SKU-00000026,1,68.37,2026-08-01T02:13:00+00:00
397,134,SKU-00000038,3,438.35,2026-08-01T02:14:00+00:00
398,134,SKU-00000025,1,65.77,2026-08-01T02:14:00+00:00
399,134,SKU-00000041,2,71.18,2026-08-01T02:14:00+00:00
400,135,SKU-00000036,1,131.00,2026-08-01T02:15:00+00:00
401,135,SKU-00000021,4,281.95,2026-08-01T02:15:00+00:00
402,135,SKU-00000040,3,157.55,2026-08-01T02:15:00+00:00
403,135,SKU-00000015,4,464.61,2026-08-01T02:15:00+00:00
404,135,SKU-00000042,1,187.16,2026-08-01T02:15:00+00:00
405,136,SKU-00000020,4,109.62,2026-08-01T02:16:00+00:00
406,137,SKU-00000035,4,241.99,2026-08-01T02:17:00+00:00
407,137,SKU-00000009,4,25.81,2026-08-01T02:17:00+00:00
408,138,SKU-00000038,4,438.35,2026-08-01T02:18:00+00:00
409,138,SKU-00000048,1,452.95,2026-08-01T02:18:00+00:00
410,138,SKU-00000047,4,179.95,2026-08-01T02:18:00+00:00
411,138,SKU-00000010,5,66.39,2026-08-01T02:18:00+00:00
412,139,SKU-00000045,3,247.59,2026-08-01T02:19:00+00:00
413,140,SKU-00000016,3,279.92,2026-08-01T02:20:00+00:00
414,140,SKU-00000024,5,225.58,2026-08-01T02:20:00+00:00
415,140,SKU-00000007,3,362.40,2026-08-01T02:20:00+00:00
416,140,SKU-00000044,1,244.08,2026-08-01T02:20:00+00:00
417,141,SKU-00000008,1,391.97,2026-08-01T02:21:00+00:00
418,141,SKU-00000030,2,306.07,2026-08-01T02:21:00+00:00
419,142,SKU-00000004,3,96.43,2026-08-01T02:22:00+00:00
420,143,SKU-00000014,2,474.24,2026-08-01T02:23:00+00:00
421,143,SKU-00000005,2,72.16,2026-08-01T02:23:00+00:00
422,143,SKU-00000049,3,51.78,2026-08-01T02:23:00+00:00
423,143,SKU-00000036,2,131.00,2026-08-01T02:23:00+00:00
424,143,SKU-00000038,5,438.35,2026-08-01T02:23:00+00:00
425,144,SKU-00000009,3,25.81,2026-08-01T02:24:00+00:00
426,144,SKU-00000035,2,241.99,2026-08-01T02:24:00+00:00
427,145,SKU-00000001,2,77.95,2026-08-01T02:25:00+00:00
428,145,SKU-00000023,5,146.09,2026-08-01T02:25:00+00:00
429,146,SKU-00000017,2,299.38,2026-08-01T02:26:00+00:00
430,146,SKU-00000004,4,96.43,2026-08-01T02:26:00+00:00
431,147,SKU-00000031,4,86.79,2026-08-01T02:27:00+00:00
432,148,SKU-00000038,5,438.35,2026-08-01T02:28:00+00:00
433,148,SKU-00000007,1,362.40,2026-08-01T02:28:00+00:00
434,148,SKU-00000029,5,33.46,2026-08-01T02:28:00+00:00
435,148,SKU-00000033,3,366.77,2026-08-01T02:28:00+00:00
436,148,SKU-00000015,4,464.61,2026-08-01T02:28:00+00:00
437,149,SKU-00000031,4,86.79,2026-08-01T02:29:00+00:00
438,150,SKU-00000046,3,142.29,2026-08-01T02:30:00+00:00
439,150,SKU-00000029,5,33.46,2026-08-01T02:30:00+00:00
440,150,SKU-00000005,2,72.16,2026-08-01T02:30:00+00:00
441,150,SKU-00000006,1,490.39,2026-08-01T02:30:00+00:00
442,151,SKU-00000041,4,71.18,2026-08-01T02:31:00+00:00
443,151,SKU-00000038,5,438.35,2026-08-01T02:31:00+00:00
444,151,SKU-00000036,5,131.00,2026-08-01T02:31:00+00:00
445,151,SKU-00000046,3,142.29,2026-08-01T02:31:00+00:00
446,151,SKU-00000021,4,281.95,2026-08-01T02:31:00+00:00
447,152,SKU-00000007,5,362.40,2026-08-01T02:32:00+00:00
448,152,SKU-00000045,2,247.59,2026-08-01T02:32:00+00:00
449,152,SKU-00000008,4,391.97,2026-08-01T02:32:00+00:00
450,152,SKU-00000042,4,187.16,2026-08-01T02:32:00+00:00
451,153,SKU-00000030,1,306.07,2026-08-01T02:33:00+00:00
452,153,SKU-00000026,3,68.37,2026-08-01T02:33:00+00:00
453,153,SKU-00000027,4,230.40,2026-08-01T02:33:00+00:00
454,154,SKU-00000010,1,66.39,2026-08-01T02:34:00+00:00
455,154,SKU-00000044,1,244.08,2026-08-01T02:34:00+00:00
456,154,SKU-00000031,1,86.79,2026-08-01T02:34:00+00:00
457,155,SKU-00000048,3,452.95,2026-08-01T02:35:00+00:00
458,156,SKU-00000038,5,438.35,2026-08-01T02:36:00+00:00
459,157,SKU-00000027,3,230.40,2026-08-01T02:37:00+00:00
460,158,SKU-00000019,5,9.24,2026-08-01T02:38:00+00:00
461,159,SKU-00000037,5,50.57,2026-08-01T02:39:00+00:00
462,160,SKU-00000015,3,464.61,2026-08-01T02:40:00+00:00
463,160,SKU-00000007,1,362.40,2026-08-01T02:40:00+00:00
464,160,SKU-00000023,3,146.09,2026-08-01T02:40:00+00:00
465,160,SKU-00000036,5,131.00,2026-08-01T02:40:00+00:00
466,161,SKU-00000050,1,421.12,2026-08-01T02:41:00+00:00
467,161,SKU-00000040,5,157.55,2026-08-01T02:41:00+00:00
468,161,SKU-00000044,3,244.08,2026-08-01T02:41:00+00:00
469,161,SKU-00000042,1,187.16,2026-08-01T02:41:00+00:00
470,161,SKU-00000036,2,131.00,2026-08-01T02:41:00+00:00
471,162,SKU-00000023,2,146.09,2026-08-01T02:42:00+00:00
472,162,SKU-00000001,5,77.95,2026-08-01T02:42:00+00:00
473,162,SKU-00000012,4,399.52,2026-08-01T02:42:00+00:00
474,163,SKU-00000006,5,490.39,2026-08-01T02:43:00+00:00
475,164,SKU-00000030,3,306.07,2026-08-01T02:44:00+00:00
476,164,SKU-00000022,3,187.09,2026-08-01T02:44:00+00:00
477,164,SKU-00000011,5,157.46,2026-08-01T02:44:00+00:00
478,164,SKU-00000024,5,225.58,2026-08-01T02:44:00+00:00
479,165,SKU-00000011,5,157.46,2026-08-01T02:45:00+00:00
480,165,SKU-00000049,1,51.78,2026-08-01T02:45:00+00:00
481,166,SKU-00000029,4,33.46,2026-08-01T02:46:00+00:00
482,166,SKU-00000043,5,421.59,2026-08-01T02:46:00+00:00
483,166,SKU-00000028,4,178.34,2026-08-01T02:46:00+00:00
484,167,SKU-00000049,1,51.78,2026-08-01T02:47:00+00:00
485,167,SKU-00000033,3,366.77,2026-08-01T02:47:00+00:00
486,168,SKU-00000044,5,244.08,2026-08-01T02:48:00+00:00
487,168,SKU-00000038,3,438.35,2026-08-01T02:48:00+00:00
488,168,SKU-00000032,1,253.06,2026-08-01T02:48:00+00:00
489,169,SKU-00000004,2,96.43,2026-08-01T02:49:00+00:00
490,169,SKU-00000001,3,77.95,2026-08-01T02:49:00+00:00
491,169,SKU-00000014,3,474.24,2026-08-01T02:49:00+00:00
492,169,SKU-00000020,3,109.62,2026-08-01T02:49:00+00:00
493,169,SKU-00000050,1,421.12,2026-08-01T02:49:00+00:00
494,170,SKU-00000012,2,399.52,2026-08-01T02:50:00+00:00
495,170,SKU-00000009,5,25.81,2026-08-01T02:50:00+00:00
496,170,SKU-00000025,5,65.77,2026-08-01T02:50:00+00:00
497,170,SKU-00000035,3,241.99,2026-08-01T02:50:00+00:00
498,171,SKU-00000028,1,178.34,2026-08-01T02:51:00+00:00
499,172,SKU-00000037,4,50.57,2026-08-01T02:52:00+00:00
500,172,SKU-00000028,3,178.34,2026-08-01T02:52:00+00:00
501,172,SKU-00000026,1,68.37,2026-08-01T02:52:00+00:00
502,173,SKU-00000011,3,157.46,2026-08-01T02:53:00+00:00
503,173,SKU-00000040,1,157.55,2026-08-01T02:53:00+00:00
504,173,SKU-00000030,4,306.07,2026-08-01T02:53:00+00:00
505,174,SKU-00000038,4,438.35,2026-08-01T02:54:00+00:00
506,174,SKU-00000026,3,68.37,2026-08-01T02:54:00+00:00
507,174,SKU-00000034,3,416.97,2026-08-01T02:54:00+00:00
508,174,SKU-00000006,2,490.39,2026-08-01T02:54:00+00:00
509,175,SKU-00000033,1,366.77,2026-08-01T02:55:00+00:00
510,176,SKU-00000050,3,421.12,2026-08-01T02:56:00+00:00
511,176,SKU-00000023,2,146.09,2026-08-01T02:56:00+00:00
512,177,SKU-00000017,2,299.38,2026-08-01T02:57:00+00:00
513,177,SKU-00000013,5,372.80,2026-08-01T02:57:00+00:00
514,178,SKU-00000050,4,421.12,2026-08-01T02:58:00+00:00
515,178,SKU-00000041,4,71.18,2026-08-01T02:58:00+00:00
516,179,SKU-00000029,5,33.46,2026-08-01T02:59:00+00:00
517,179,SKU-00000044,3,244.08,2026-08-01T02:59:00+00:00
518,179,SKU-00000037,3,50.57,2026-08-01T02:59:00+00:00
519,179,SKU-00000042,2,187.16,2026-08-01T02:59:00+00:00
520,179,SKU-00000041,4,71.18,2026-08-01T02:59:00+00:00
521,180,SKU-00000041,1,71.18,2026-08-01T03:00:00+00:00
522,180,SKU-00000020,3,109.62,2026-08-01T03:00:00+00:00
523,180,SKU-00000018,5,187.30,2026-08-01T03:00:00+00:00
524,180,SKU-00000038,1,438.35,2026-08-01T03:00:00+00:00
525,181,SKU-00000003,1,165.48,2026-08-01T03:01:00+00:00
526,181,SKU-00000004,1,96.43,2026-08-01T03:01:00+00:00
527,181,SKU-00000024,5,225.58,2026-08-01T03:01:00+00:00
528,181,SKU-00000019,5,9.24,2026-08-01T03:01:00+00:00
529,182,SKU-00000038,4,438.35,2026-08-01T03:02:00+00:00
530,182,SKU-00000036,5,131.00,2026-08-01T03:02:00+00:00
531,182,SKU-00000048,2,452.95,2026-08-01T03:02:00+00:00
532,182,SKU-00000003,3,165.48,2026-08-01T03:02:00+00:00
533,183,SKU-00000010,1,66.39,2026-08-01T03:03:00+00:00
534,183,SKU-00000004,5,96.43,2026-08-01T03:03:00+00:00
535,183,SKU-00000029,2,33.46,2026-08-01T03:03:00+00:00
536,183,SKU-00000007,1,362.40,2026-08-01T03:03:00+00:00
537,183,SKU-00000022,2,187.09,2026-08-01T03:03:00+00:00
538,184,SKU-00000034,3,416.97,2026-08-01T03:04:00+00:00
539,184,SKU-00000040,3,157.55,2026-08-01T03:04:00+00:00
540,184,SKU-00000011,4,157.46,2026-08-01T03:04:00+00:00
541,184,SKU-00000024,4,225.58,2026-08-01T03:04:00+00:00
542,185,SKU-00000004,3,96.43,2026-08-01T03:05:00+00:00
543,185,SKU-00000041,1,71.18,2026-08-01T03:05:00+00:00
544,185,SKU-00000042,5,187.16,2026-08-01T03:05:00+00:00
545,185,SKU-00000022,4,187.09,2026-08-01T03:05:00+00:00
546,185,SKU-00000005,3,72.16,2026-08-01T03:05:00+00:00
547,186,SKU-00000022,5,187.09,2026-08-01T03:06:00+00:00
548,186,SKU-00000006,2,490.39,2026-08-01T03:06:00+00:00
549,187,SKU-00000009,3,25.81,2026-08-01T03:07:00+00:00
550,187,SKU-00000039,5,194.64,2026-08-01T03:07:00+00:00
551,187,SKU-00000046,4,142.29,2026-08-01T03:07:00+00:00
552,187,SKU-00000006,3,490.39,2026-08-01T03:07:00+00:00
553,188,SKU-00000042,4,187.16,2026-08-01T03:08:00+00:00
554,189,SKU-00000024,3,225.58,2026-08-01T03:09:00+00:00
555,190,SKU-00000050,2,421.12,2026-08-01T03:10:00+00:00
556,190,SKU-00000032,2,253.06,2026-08-01T03:10:00+00:00
557,190,SKU-00000013,2,372.80,2026-08-01T03:10:00+00:00
558,191,SKU-00000033,5,366.77,2026-08-01T03:11:00+00:00
559,192,SKU-00000043,3,421.59,2026-08-01T03:12:00+00:00
560,193,SKU-00000039,2,194.64,2026-08-01T03:13:00+00:00
561,193,SKU-00000025,2,65.77,2026-08-01T03:13:00+00:00
562,194,SKU-00000047,1,179.95,2026-08-01T03:14:00+00:00
563,194,SKU-00000029,4,33.46,2026-08-01T03:14:00+00:00
564,195,SKU-00000040,4,157.55,2026-08-01T03:15:00+00:00
565,195,SKU-00000019,2,9.24,2026-08-01T03:15:00+00:00
566,195,SKU-00000049,5,51.78,2026-08-01T03:15:00+00:00
567,195,SKU-00000048,2,452.95,2026-08-01T03:15:00+00:00
568,196,SKU-00000024,5,225.58,2026-08-01T03:16:00+00:00
569,196,SKU-00000044,4,244.08,2026-08-01T03:16:00+00:00
570,197,SKU-00000033,2,366.77,2026-08-01T03:17:00+00:00
571,197,SKU-00000034,5,416.97,2026-08-01T03:17:00+00:00
572,197,SKU-00000027,2,230.40,2026-08-01T03:17:00+00:00
573,197,SKU-00000011,3,157.46,2026-08-01T03:17:00+00:00
574,198,SKU-00000036,5,131.00,2026-08-01T03:18:00+00:00
575,198,SKU-00000007,1,362.40,2026-08-01T03:18:00+00:00
576,198,SKU-00000046,3,142.29,2026-08-01T03:18:00+00:00
577,199,SKU-00000029,4,33.46,2026-08-01T03:19:00+00:00
578,199,SKU-00000033,1,366.77,2026-08-01T03:19:00+00:00
579,199,SKU-00000010,2,66.39,2026-08-01T03:19:00+00:00
580,200,SKU-00000027,1,230.40,2026-08-01T03:20:00+00:00
581,201,SKU-00000016,3,279.92,2026-08-01T03:21:00+00:00
582,201,SKU-00000025,2,65.77,2026-08-01T03:21:00+00:00
583,201,SKU-00000006,1,490.39,2026-08-01T03:21:00+00:00
584,202,SKU-00000010,3,66.39,2026-08-01T03:22:00+00:00
585,202,SKU-00000009,4,25.81,2026-08-01T03:22:00+00:00
586,202,SKU-00000003,2,165.48,2026-08-01T03:22:00+00:00
587,203,SKU-00000040,3,157.55,2026-08-01T03:23:00+00:00
588,203,SKU-00000001,2,77.95,2026-08-01T03:23:00+00:00
589,203,SKU-00000006,2,490.39,2026-08-01T03:23:00+00:00
590,203,SKU-00000002,5,490.97,2026-08-01T03:23:00+00:00
591,204,SKU-00000028,3,178.34,2026-08-01T03:24:00+00:00
592,204,SKU-00000008,1,391.97,2026-08-01T03:24:00+00:00
593,204,SKU-00000050,1,421.12,2026-08-01T03:24:00+00:00
594,204,SKU-00000019,2,9.24,2026-08-01T03:24:00+00:00
595,204,SKU-00000016,4,279.92,2026-08-01T03:24:00+00:00
596,205,SKU-00000005,5,72.16,2026-08-01T03:25:00+00:00
597,205,SKU-00000008,1,391.97,2026-08-01T03:25:00+00:00
598,205,SKU-00000032,5,253.06,2026-08-01T03:25:00+00:00
599,205,SKU-00000039,5,194.64,2026-08-01T03:25:00+00:00
600,206,SKU-00000028,3,178.34,2026-08-01T03:26:00+00:00
601,206,SKU-00000001,2,77.95,2026-08-01T03:26:00+00:00
602,206,SKU-00000040,5,157.55,2026-08-01T03:26:00+00:00
603,207,SKU-00000034,3,416.97,2026-08-01T03:27:00+00:00
604,208,SKU-00000033,1,366.77,2026-08-01T03:28:00+00:00
605,208,SKU-00000036,4,131.00,2026-08-01T03:28:00+00:00
606,208,SKU-00000002,3,490.97,2026-08-01T03:28:00+00:00
607,208,SKU-00000025,3,65.77,2026-08-01T03:28:00+00:00
608,208,SKU-00000031,1,86.79,2026-08-01T03:28:00+00:00
609,209,SKU-00000016,1,279.92,2026-08-01T03:29:00+00:00
610,209,SKU-00000047,5,179.95,2026-08-01T03:29:00+00:00
611,209,SKU-00000043,3,421.59,2026-08-01T03:29:00+00:00
612,210,SKU-00000035,2,241.99,2026-08-01T03:30:00+00:00
613,210,SKU-00000022,4,187.09,2026-08-01T03:30:00+00:00
614,210,SKU-00000042,4,187.16,2026-08-01T03:30:00+00:00
615,211,SKU-00000005,4,72.16,2026-08-01T03:31:00+00:00
616,211,SKU-00000046,1,142.29,2026-08-01T03:31:00+00:00
617,212,SKU-00000013,1,372.80,2026-08-01T03:32:00+00:00
618,213,SKU-00000026,2,68.37,2026-08-01T03:33:00+00:00
619,213,SKU-00000035,3,241.99,2026-08-01T03:33:00+00:00
620,213,SKU-00000031,3,86.79,2026-08-01T03:33:00+00:00
621,213,SKU-00000017,1,299.38,2026-08-01T03:33:00+00:00
622,213,SKU-00000003,3,165.48,2026-08-01T03:33:00+00:00
623,214,SKU-00000028,4,178.34,2026-08-01T03:34:00+00:00
624,214,SKU-00000026,4,68.37,2026-08-01T03:34:00+00:00
625,214,SKU-00000048,3,452.95,2026-08-01T03:34:00+00:00
626,215,SKU-00000024,4,225.58,2026-08-01T03:35:00+00:00
627,215,SKU-00000034,1,416.97,2026-08-01T03:35:00+00:00
628,215,SKU-00000018,4,187.30,2026-08-01T03:35:00+00:00
629,215,SKU-00000006,5,490.39,2026-08-01T03:35:00+00:00
630,216,SKU-00000021,3,281.95,2026-08-01T03:36:00+00:00
631,216,SKU-00000007,3,362.40,2026-08-01T03:36:00+00:00
632,216,SKU-00000006,3,490.39,2026-08-01T03:36:00+00:00
633,217,SKU-00000011,4,157.46,2026-08-01T03:37:00+00:00
634,217,SKU-00000045,1,247.59,2026-08-01T03:37:00+00:00
635,217,SKU-00000029,3,33.46,2026-08-01T03:37:00+00:00
636,217,SKU-00000023,5,146.09,2026-08-01T03:37:00+00:00
637,218,SKU-00000005,4,72.16,2026-08-01T03:38:00+00:00
638,219,SKU-00000002,5,490.97,2026-08-01T03:39:00+00:00
639,219,SKU-00000010,4,66.39,2026-08-01T03:39:00+00:00
640,220,SKU-00000016,3,279.92,2026-08-01T03:40:00+00:00
641,221,SKU-00000003,3,165.48,2026-08-01T03:41:00+00:00
642,221,SKU-00000039,3,194.64,2026-08-01T03:41:00+00:00
643,221,SKU-00000010,4,66.39,2026-08-01T03:41:00+00:00
644,221,SKU-00000044,1,244.08,2026-08-01T03:41:00+00:00
645,221,SKU-00000029,5,33.46,2026-08-01T03:41:00+00:00
646,222,SKU-00000026,3,68.37,2026-08-01T03:42:00+00:00
647,222,SKU-00000021,2,281.95,2026-08-01T03:42:00+00:00
648,222,SKU-00000042,1,187.16,2026-08-01T03:42:00+00:00
649,223,SKU-00000034,3,416.97,2026-08-01T03:43:00+00:00
650,223,SKU-00000025,3,65.77,2026-08-01T03:43:00+00:00
651,223,SKU-00000036,4,131.00,2026-08-01T03:43:00+00:00
652,223,SKU-00000008,2,391.97,2026-08-01T03:43:00+00:00
653,224,SKU-00000013,4,372.80,2026-08-01T03:44:00+00:00
654,224,SKU-00000008,2,391.97,2026-08-01T03:44:00+00:00
655,224,SKU-00000009,4,25.81,2026-08-01T03:44:00+00:00
656,224,SKU-00000005,1,72.16,2026-08-01T03:44:00+00:00
657,225,SKU-00000046,5,142.29,2026-08-01T03:45:00+00:00
658,225,SKU-00000005,3,72.16,2026-08-01T03:45:00+00:00
659,225,SKU-00000036,3,131.00,2026-08-01T03:45:00+00:00
660,226,SKU-00000033,2,366.77,2026-08-01T03:46:00+00:00
661,226,SKU-00000015,2,464.61,2026-08-01T03:46:00+00:00
662,226,SKU-00000008,2,391.97,2026-08-01T03:46:00+00:00
663,227,SKU-00000036,4,131.00,2026-08-01T03:47:00+00:00
664,227,SKU-00000037,5,50.57,2026-08-01T03:47:00+00:00
665,227,SKU-00000024,2,225.58,2026-08-01T03:47:00+00:00
666,228,SKU-00000020,4,109.62,2026-08-01T03:48:00+00:00
667,229,SKU-00000027,3,230.40,2026-08-01T03:49:00+00:00
668,229,SKU-00000050,1,421.12,2026-08-01T03:49:00+00:00
669,229,SKU-00000037,4,50.57,2026-08-01T03:49:00+00:00
670,229,SKU-00000005,4,72.16,2026-08-01T03:49:00+00:00
671,229,SKU-00000009,5,25.81,2026-08-01T03:49:00+00:00
672,230,SKU-00000041,4,71.18,2026-08-01T03:50:00+00:00
673,230,SKU-00000038,5,438.35,2026-08-01T03:50:00+00:00
674,230,SKU-00000012,1,399.52,2026-08-01T03:50:00+00:00
675,230,SKU-00000050,1,421.12,2026-08-01T03:50:00+00:00
676,230,SKU-00000009,5,25.81,2026-08-01T03:50:00+00:00
677,231,SKU-00000011,2,157.46,2026-08-01T03:51:00+00:00
678,231,SKU-00000021,3,281.95,2026-08-01T03:51:00+00:00
679,232,SKU-00000017,2,299.38,2026-08-01T03:52:00+00:00
680,233,SKU-00000009,5,25.81,2026-08-01T03:53:00+00:00
681,233,SKU-00000041,5,71.18,2026-08-01T03:53:00+00:00
682,233,SKU-00000020,1,109.62,2026-08-01T03:53:00+00:00
683,234,SKU-00000038,5,438.35,2026-08-01T03:54:00+00:00
684,234,SKU-00000010,3,66.39,2026-08-01T03:54:00+00:00
685,234,SKU-00000011,5,157.46,2026-08-01T03:54:00+00:00
686,234,SKU-00000043,1,421.59,2026-08-01T03:54:00+00:00
687,234,SKU-00000040,1,157.55,2026-08-01T03:54:00+00:00
688,235,SKU-00000017,4,299.38,2026-08-01T03:55:00+00:00
689,235,SKU-00000042,5,187.16,2026-08-01T03:55:00+00:00
690,235,SKU-00000014,1,474.24,2026-08-01T03:55:00+00:00
691,235,SKU-00000050,4,421.12,2026-08-01T03:55:00+00:00
692,235,SKU-00000037,5,50.57,2026-08-01T03:55:00+00:00
693,236,SKU-00000016,4,279.92,2026-08-01T03:56:00+00:00
694,236,SKU-00000044,1,244.08,2026-08-01T03:56:00+00:00
695,236,SKU-00000026,1,68.37,2026-08-01T03:56:00+00:00
696,236,SKU-00000020,2,109.62,2026-08-01T03:56:00+00:00
697,237,SKU-00000030,2,306.07,2026-08-01T03:57:00+00:00
698,237,SKU-00000014,3,474.24,2026-08-01T03:57:00+00:00
699,237,SKU-00000022,3,187.09,2026-08-01T03:57:00+00:00
700,237,SKU-00000039,3,194.64,2026-08-01T03:57:00+00:00
701,238,SKU-00000033,3,366.77,2026-08-01T03:58:00+00:00
702,238,SKU-00000036,2,131.00,2026-08-01T03:58:00+00:00
703,238,SKU-00000007,4,362.40,2026-08-01T03:58:00+00:00
704,239,SKU-00000016,3,279.92,2026-08-01T03:59:00+00:00
705,239,SKU-00000010,4,66.39,2026-08-01T03:59:00+00:00
706,239,SKU-00000007,5,362.40,2026-08-01T03:59:00+00:00
707,239,SKU-00000004,4,96.43,2026-08-01T03:59:00+00:00
708,240,SKU-00000037,2,50.57,2026-08-01T04:00:00+00:00
709,240,SKU-00000047,2,179.95,2026-08-01T04:00:00+00:00
710,240,SKU-00000021,4,281.95,2026-08-01T04:00:00+00:00
711,241,SKU-00000020,4,109.62,2026-08-01T04:01:00+00:00
712,241,SKU-00000032,5,253.06,2026-08-01T04:01:00+00:00
713,241,SKU-00000002,4,490.97,2026-08-01T04:01:00+00:00
714,241,SKU-00000006,2,490.39,2026-08-01T04:01:00+00:00
715,242,SKU-00000004,5,96.43,2026-08-01T04:02:00+00:00
716,242,SKU-00000019,4,9.24,2026-08-01T04:02:00+00:00
717,242,SKU-00000032,3,253.06,2026-08-01T04:02:00+00:00
718,243,SKU-00000028,2,178.34,2026-08-01T04:03:00+00:00
719,244,SKU-00000024,5,225.58,2026-08-01T04:04:00+00:00
720,244,SKU-00000003,5,165.48,2026-08-01T04:04:00+00:00
721,244,SKU-00000026,2,68.37,2026-08-01T04:04:00+00:00
722,244,SKU-00000004,3,96.43,2026-08-01T04:04:00+00:00
723,245,SKU-00000025,5,65.77,2026-08-01T04:05:00+00:00
724,246,SKU-00000040,2,157.55,2026-08-01T04:06:00+00:00
725,246,SKU-00000044,1,244.08,2026-08-01T04:06:00+00:00
726,246,SKU-00000008,4,391.97,2026-08-01T04:06:00+00:00
727,247,SKU-00000024,5,225.58,2026-08-01T04:07:00+00:00
728,247,SKU-00000049,4,51.78,2026-08-01T04:07:00+00:00
729,247,SKU-00000010,5,66.39,2026-08-01T04:07:00+00:00
730,247,SKU-00000013,1,372.80,2026-08-01T04:07:00+00:00
731,247,SKU-00000039,1,194.64,2026-08-01T04:07:00+00:00
732,248,SKU-00000031,2,86.79,2026-08-01T04:08:00+00:00
733,248,SKU-00000034,5,416.97,2026-08-01T04:08:00+00:00
734,248,SKU-00000030,5,306.07,2026-08-01T04:08:00+00:00
735,249,SKU-00000021,3,281.95,2026-08-01T04:09:00+00:00
736,249,SKU-00000011,5,157.46,2026-08-01T04:09:00+00:00
737,249,SKU-00000026,3,68.37,2026-08-01T04:09:00+00:00
738,249,SKU-00000040,5,157.55,2026-08-01T04:09:00+00:00
739,249,SKU-00000048,5,452.95,2026-08-01T04:09:00+00:00
740,250,SKU-00000020,1,109.62,2026-08-01T04:10:00+00:00
741,250,SKU-00000031,4,86.79,2026-08-01T04:10:00+00:00
742,250,SKU-00000002,5,490.97,2026-08-01T04:10:00+00:00
743,250,SKU-00000024,3,225.58,2026-08-01T04:10:00+00:00
744,250,SKU-00000022,1,187.09,2026-08-01T04:10:00+00:00
745,251,SKU-00000042,5,187.16,2026-08-01T04:11:00+00:00
746,251,SKU-00000050,2,421.12,2026-08-01T04:11:00+00:00
747,251,SKU-00000038,1,438.35,2026-08-01T04:11:00+00:00
748,252,SKU-00000034,5,416.97,2026-08-01T04:12:00+00:00
749,252,SKU-00000041,4,71.18,2026-08-01T04:12:00+00:00
750,253,SKU-00000037,1,50.57,2026-08-01T04:13:00+00:00
751,254,SKU-00000021,2,281.95,2026-08-01T04:14:00+00:00
752,254,SKU-00000027,4,230.40,2026-08-01T04:14:00+00:00
753,254,SKU-00000010,5,66.39,2026-08-01T04:14:00+00:00
754,254,SKU-00000045,5,247.59,2026-08-01T04:14:00+00:00
755,255,SKU-00000034,5,416.97,2026-08-01T04:15:00+00:00
756,255,SKU-00000014,3,474.24,2026-08-01T04:15:00+00:00
757,256,SKU-00000025,3,65.77,2026-08-01T04:16:00+00:00
758,256,SKU-00000021,5,281.95,2026-08-01T04:16:00+00:00
759,256,SKU-00000012,3,399.52,2026-08-01T04:16:00+00:00
760,256,SKU-00000030,3,306.07,2026-08-01T04:16:00+00:00
761,256,SKU-00000035,5,241.99,2026-08-01T04:16:00+00:00
762,257,SKU-00000018,3,187.30,2026-08-01T04:17:00+00:00
763,257,SKU-00000036,2,131.00,2026-08-01T04:17:00+00:00
764,258,SKU-00000045,4,247.59,2026-08-01T04:18:00+00:00
765,258,SKU-00000046,3,142.29,2026-08-01T04:18:00+00:00
766,259,SKU-00000047,5,179.95,2026-08-01T04:19:00+00:00
767,259,SKU-00000018,4,187.30,2026-08-01T04:19:00+00:00
768,259,SKU-00000019,4,9.24,2026-08-01T04:19:00+00:00
769,259,SKU-00000008,3,391.97,2026-08-01T04:19:00+00:00
770,259,SKU-00000037,2,50.57,2026-08-01T04:19:00+00:00
771,260,SKU-00000046,4,142.29,2026-08-01T04:20:00+00:00
772,260,SKU-00000006,3,490.39,2026-08-01T04:20:00+00:00
773,260,SKU-00000023,4,146.09,2026-08-01T04:20:00+00:00
774,261,SKU-00000018,5,187.30,2026-08-01T04:21:00+00:00
775,261,SKU-00000036,5,131.00,2026-08-01T04:21:00+00:00
776,261,SKU-00000045,2,247.59,2026-08-01T04:21:00+00:00
777,261,SKU-00000009,2,25.81,2026-08-01T04:21:00+00:00
778,261,SKU-00000007,1,362.40,2026-08-01T04:21:00+00:00
779,262,SKU-00000041,1,71.18,2026-08-01T04:22:00+00:00
780,262,SKU-00000015,1,464.61,2026-08-01T04:22:00+00:00
781,263,SKU-00000007,1,362.40,2026-08-01T04:23:00+00:00
782,263,SKU-00000044,5,244.08,2026-08-01T04:23:00+00:00
783,263,SKU-00000050,2,421.12,2026-08-01T04:23:00+00:00
784,263,SKU-00000009,4,25.81,2026-08-01T04:23:00+00:00
785,264,SKU-00000042,3,187.16,2026-08-01T04:24:00+00:00
786,264,SKU-00000013,3,372.80,2026-08-01T04:24:00+00:00
787,264,SKU-00000049,1,51.78,2026-08-01T04:24:00+00:00
788,264,SKU-00000019,1,9.24,2026-08-01T04:24:00+00:00
789,265,SKU-00000035,1,241.99,2026-08-01T04:25:00+00:00
790,265,SKU-00000048,2,452.95,2026-08-01T04:25:00+00:00
791,266,SKU-00000026,4,68.37,2026-08-01T04:26:00+00:00
792,267,SKU-00000001,3,77.95,2026-08-01T04:27:00+00:00
793,268,SKU-00000022,3,187.09,2026-08-01T04:28:00+00:00
794,269,SKU-00000032,2,253.06,2026-08-01T04:29:00+00:00
795,269,SKU-00000009,1,25.81,2026-08-01T04:29:00+00:00
796,269,SKU-00000033,3,366.77,2026-08-01T04:29:00+00:00
797,269,SKU-00000030,2,306.07,2026-08-01T04:29:00+00:00
798,269,SKU-00000018,4,187.30,2026-08-01T04:29:00+00:00
799,270,SKU-00000001,3,77.95,2026-08-01T04:30:00+00:00
800,270,SKU-00000048,3,452.95,2026-08-01T04:30:00+00:00
801,271,SKU-00000040,4,157.55,2026-08-01T04:31:00+00:00
802,271,SKU-00000041,4,71.18,2026-08-01T04:31:00+00:00
803,272,SKU-00000026,1,68.37,2026-08-01T04:32:00+00:00
804,273,SKU-00000021,4,281.95,2026-08-01T04:33:00+00:00
805,273,SKU-00000016,2,279.92,2026-08-01T04:33:00+00:00
806,273,SKU-00000001,4,77.95,2026-08-01T04:33:00+00:00
807,273,SKU-00000017,3,299.38,2026-08-01T04:33:00+00:00
808,274,SKU-00000047,3,179.95,2026-08-01T04:34:00+00:00
809,274,SKU-00000037,2,50.57,2026-08-01T04:34:00+00:00
810,274,SKU-00000001,1,77.95,2026-08-01T04:34:00+00:00
811,274,SKU-00000017,1,299.38,2026-08-01T04:34:00+00:00
812,274,SKU-00000042,4,187.16,2026-08-01T04:34:00+00:00
813,275,SKU-00000044,3,244.08,2026-08-01T04:35:00+00:00
814,275,SKU-00000033,1,366.77,2026-08-01T04:35:00+00:00
815,275,SKU-00000046,3,142.29,2026-08-01T04:35:00+00:00
816,275,SKU-00000050,3,421.12,2026-08-01T04:35:00+00:00
817,276,SKU-00000009,2,25.81,2026-08-01T04:36:00+00:00
818,276,SKU-00000031,4,86.79,2026-08-01T04:36:00+00:00
819,277,SKU-00000027,4,230.40,2026-08-01T04:37:00+00:00
820,277,SKU-00000045,5,247.59,2026-08-01T04:37:00+00:00
821,277,SKU-00000036,2,131.00,2026-08-01T04:37:00+00:00
822,278,SKU-00000006,1,490.39,2026-08-01T04:38:00+00:00
823,278,SKU-00000034,5,416.97,2026-08-01T04:38:00+00:00
824,278,SKU-00000029,1,33.46,2026-08-01T04:38:00+00:00
825,278,SKU-00000046,1,142.29,2026-08-01T04:38:00+00:00
826,278,SKU-00000024,5,225.58,2026-08-01T04:38:00+00:00
827,279,SKU-00000035,4,241.99,2026-08-01T04:39:00+00:00
828,279,SKU-00000010,1,66.39,2026-08-01T04:39:00+00:00
829,279,SKU-00000011,2,157.46,2026-08-01T04:39:00+00:00
830,279,SKU-00000021,5,281.95,2026-08-01T04:39:00+00:00
831,279,SKU-00000034,4,416.97,2026-08-01T04:39:00+00:00
832,280,SKU-00000004,4,96.43,2026-08-01T04:40:00+00:00
833,280,SKU-00000030,4,306.07,2026-08-01T04:40:00+00:00
834,280,SKU-00000009,5,25.81,2026-08-01T04:40:00+00:00
835,280,SKU-00000033,1,366.77,2026-08-01T04:40:00+00:00
836,281,SKU-00000047,3,179.95,2026-08-01T04:41:00+00:00
837,281,SKU-00000002,1,490.97,2026-08-01T04:41:00+00:00
838,281,SKU-00000026,2,68.37,2026-08-01T04:41:00+00:00
839,282,SKU-00000028,3,178.34,2026-08-01T04:42:00+00:00
840,283,SKU-00000004,4,96.43,2026-08-01T04:43:00+00:00
841,283,SKU-00000005,2,72.16,2026-08-01T04:43:00+00:00
842,283,SKU-00000031,2,86.79,2026-08-01T04:43:00+00:00
843,283,SKU-00000003,4,165.48,2026-08-01T04:43:00+00:00
844,283,SKU-00000019,3,9.24,2026-08-01T04:43:00+00:00
845,284,SKU-00000025,5,65.77,2026-08-01T04:44:00+00:00
846,284,SKU-00000006,2,490.39,2026-08-01T04:44:00+00:00
847,284,SKU-00000044,3,244.08,2026-08-01T04:44:00+00:00
848,284,SKU-00000043,1,421.59,2026-08-01T04:44:00+00:00
849,285,SKU-00000034,1,416.97,2026-08-01T04:45:00+00:00
850,285,SKU-00000009,1,25.81,2026-08-01T04:45:00+00:00
851,285,SKU-00000047,3,179.95,2026-08-01T04:45:00+00:00
852,285,SKU-00000015,4,464.61,2026-08-01T04:45:00+00:00
853,286,SKU-00000035,4,241.99,2026-08-01T04:46:00+00:00
854,286,SKU-00000025,3,65.77,2026-08-01T04:46:00+00:00
855,286,SKU-00000015,2,464.61,2026-08-01T04:46:00+00:00
856,286,SKU-00000016,3,279.92,2026-08-01T04:46:00+00:00
857,287,SKU-00000043,4,421.59,2026-08-01T04:47:00+00:00
858,288,SKU-00000014,1,474.24,2026-08-01T04:48:00+00:00
859,288,SKU-00000005,5,72.16,2026-08-01T04:48:00+00:00
860,289,SKU-00000044,1,244.08,2026-08-01T04:49:00+00:00
861,289,SKU-00000046,4,142.29,2026-08-01T04:49:00+00:00
862,289,SKU-00000004,4,96.43,2026-08-01T04:49:00+00:00
863,289,SKU-00000016,2,279.92,2026-08-01T04:49:00+00:00
864,289,SKU-00000048,5,452.95,2026-08-01T04:49:00+00:00
865,290,SKU-00000033,2,366.77,2026-08-01T04:50:00+00:00
866,290,SKU-00000019,5,9.24,2026-08-01T04:50:00+00:00
867,291,SKU-00000050,2,421.12,2026-08-01T04:51:00+00:00
868,291,SKU-00000044,5,244.08,2026-08-01T04:51:00+00:00
869,291,SKU-00000021,2,281.95,2026-08-01T04:51:00+00:00
870,291,SKU-00000016,4,279.92,2026-08-01T04:51:00+00:00
871,291,SKU-00000020,3,109.62,2026-08-01T04:51:00+00:00
872,292,SKU-00000038,4,438.35,2026-08-01T04:52:00+00:00
873,292,SKU-00000048,5,452.95,2026-08-01T04:52:00+00:00
874,292,SKU-00000012,4,399.52,2026-08-01T04:52:00+00:00
875,292,SKU-00000041,1,71.18,2026-08-01T04:52:00+00:00
876,292,SKU-00000044,3,244.08,2026-08-01T04:52:00+00:00
877,293,SKU-00000021,4,281.95,2026-08-01T04:53:00+00:00
878,293,SKU-00000045,2,247.59,2026-08-01T04:53:00+00:00
879,293,SKU-00000027,5,230.40,2026-08-01T04:53:00+00:00
880,293,SKU-00000010,4,66.39,2026-08-01T04:53:00+00:00
881,293,SKU-00000020,2,109.62,2026-08-01T04:53:00+00:00
882,294,SKU-00000030,5,306.07,2026-08-01T04:54:00+00:00
883,294,SKU-00000004,4,96.43,2026-08-01T04:54:00+00:00
884,295,SKU-00000009,3,25.81,2026-08-01T04:55:00+00:00
885,295,SKU-00000025,1,65.77,2026-08-01T04:55:00+00:00
886,295,SKU-00000016,4,279.92,2026-08-01T04:55:00+00:00
887,295,SKU-00000017,3,299.38,2026-08-01T04:55:00+00:00
888,295,SKU-00000014,1,474.24,2026-08-01T04:55:00+00:00
889,296,SKU-00000018,4,187.30,2026-08-01T04:56:00+00:00
890,297,SKU-00000003,5,165.48,2026-08-01T04:57:00+00:00
891,297,SKU-00000005,2,72.16,2026-08-01T04:57:00+00:00
892,297,SKU-00000013,4,372.80,2026-08-01T04:57:00+00:00
893,297,SKU-00000049,2,51.78,2026-08-01T04:57:00+00:00
894,297,SKU-00000038,3,438.35,2026-08-01T04:57:00+00:00
895,298,SKU-00000013,1,372.80,2026-08-01T04:58:00+00:00
896,298,SKU-00000048,4,452.95,2026-08-01T04:58:00+00:00
897,299,SKU-00000026,5,68.37,2026-08-01T04:59:00+00:00
898,299,SKU-00000016,3,279.92,2026-08-01T04:59:00+00:00
899,300,SKU-00000030,3,306.07,2026-08-01T05:00:00+00:00
900,300,SKU-00000035,3,241.99,2026-08-01T05:00:00+00:00
901,300,SKU-00000042,3,187.16,2026-08-01T05:00:00+00:00
902,300,SKU-00000023,5,146.09,2026-08-01T05:00:00+00:00
903,301,SKU-00000047,4,179.95,2026-08-01T05:01:00+00:00
904,302,SKU-00000024,4,225.58,2026-08-01T05:02:00+00:00
905,302,SKU-00000021,1,281.95,2026-08-01T05:02:00+00:00
906,303,SKU-00000002,5,490.97,2026-08-01T05:03:00+00:00
907,303,SKU-00000017,5,299.38,2026-08-01T05:03:00+00:00
908,304,SKU-00000010,2,66.39,2026-08-01T05:04:00+00:00
909,304,SKU-00000013,4,372.80,2026-08-01T05:04:00+00:00
910,304,SKU-00000022,5,187.09,2026-08-01T05:04:00+00:00
911,305,SKU-00000042,4,187.16,2026-08-01T05:05:00+00:00
912,305,SKU-00000044,4,244.08,2026-08-01T05:05:00+00:00
913,305,SKU-00000022,4,187.09,2026-08-01T05:05:00+00:00
914,305,SKU-00000017,2,299.38,2026-08-01T05:05:00+00:00
915,305,SKU-00000049,3,51.78,2026-08-01T05:05:00+00:00
916,306,SKU-00000032,5,253.06,2026-08-01T05:06:00+00:00
917,306,SKU-00000012,1,399.52,2026-08-01T05:06:00+00:00
918,306,SKU-00000035,1,241.99,2026-08-01T05:06:00+00:00
919,306,SKU-00000042,1,187.16,2026-08-01T05:06:00+00:00
920,306,SKU-00000004,1,96.43,2026-08-01T05:06:00+00:00
921,307,SKU-00000005,2,72.16,2026-08-01T05:07:00+00:00
922,307,SKU-00000046,1,142.29,2026-08-01T05:07:00+00:00
923,308,SKU-00000024,5,225.58,2026-08-01T05:08:00+00:00
924,308,SKU-00000004,4,96.43,2026-08-01T05:08:00+00:00
925,308,SKU-00000040,4,157.55,2026-08-01T05:08:00+00:00
926,308,SKU-00000041,1,71.18,2026-08-01T05:08:00+00:00
927,309,SKU-00000027,3,230.40,2026-08-01T05:09:00+00:00
928,309,SKU-00000001,5,77.95,2026-08-01T05:09:00+00:00
929,309,SKU-00000002,3,490.97,2026-08-01T05:09:00+00:00
930,309,SKU-00000034,1,416.97,2026-08-01T05:09:00+00:00
931,309,SKU-00000047,5,179.95,2026-08-01T05:09:00+00:00
932,310,SKU-00000007,2,362.40,2026-08-01T05:10:00+00:00
933,310,SKU-00000034,2,416.97,2026-08-01T05:10:00+00:00
934,311,SKU-00000017,3,299.38,2026-08-01T05:11:00+00:00
935,311,SKU-00000023,4,146.09,2026-08-01T05:11:00+00:00
936,311,SKU-00000018,4,187.30,2026-08-01T05:11:00+00:00
937,311,SKU-00000026,5,68.37,2026-08-01T05:11:00+00:00
938,311,SKU-00000006,2,490.39,2026-08-01T05:11:00+00:00
939,312,SKU-00000044,1,244.08,2026-08-01T05:12:00+00:00
940,312,SKU-00000006,1,490.39,2026-08-01T05:12:00+00:00
941,312,SKU-00000042,4,187.16,2026-08-01T05:12:00+00:00
942,313,SKU-00000031,2,86.79,2026-08-01T05:13:00+00:00
943,313,SKU-00000004,1,96.43,2026-08-01T05:13:00+00:00
944,313,SKU-00000041,4,71.18,2026-08-01T05:13:00+00:00
945,313,SKU-00000001,4,77.95,2026-08-01T05:13:00+00:00
946,313,SKU-00000045,3,247.59,2026-08-01T05:13:00+00:00
947,314,SKU-00000003,4,165.48,2026-08-01T05:14:00+00:00
948,314,SKU-00000015,3,464.61,2026-08-01T05:14:00+00:00
949,314,SKU-00000014,1,474.24,2026-08-01T05:14:00+00:00
950,314,SKU-00000045,1,247.59,2026-08-01T05:14:00+00:00
951,314,SKU-00000037,3,50.57,2026-08-01T05:14:00+00:00
952,315,SKU-00000012,3,399.52,2026-08-01T05:15:00+00:00
953,316,SKU-00000010,3,66.39,2026-08-01T05:16:00+00:00
954,316,SKU-00000049,2,51.78,2026-08-01T05:16:00+00:00
955,316,SKU-00000046,5,142.29,2026-08-01T05:16:00+00:00
956,316,SKU-00000026,2,68.37,2026-08-01T05:16:00+00:00
957,316,SKU-00000005,5,72.16,2026-08-01T05:16:00+00:00
958,317,SKU-00000025,2,65.77,2026-08-01T05:17:00+00:00
959,317,SKU-00000049,1,51.78,2026-08-01T05:17:00+00:00
960,317,SKU-00000048,5,452.95,2026-08-01T05:17:00+00:00
961,318,SKU-00000007,4,362.40,2026-08-01T05:18:00+00:00
962,319,SKU-00000039,5,194.64,2026-08-01T05:19:00+00:00
963,319,SKU-00000050,4,421.12,2026-08-01T05:19:00+00:00
964,319,SKU-00000040,3,157.55,2026-08-01T05:19:00+00:00
965,320,SKU-00000032,4,253.06,2026-08-01T05:20:00+00:00
966,320,SKU-00000015,4,464.61,2026-08-01T05:20:00+00:00
967,320,SKU-00000023,2,146.09,2026-08-01T05:20:00+00:00
968,320,SKU-00000036,5,131.00,2026-08-01T05:20:00+00:00
969,321,SKU-00000050,5,421.12,2026-08-01T05:21:00+00:00
970,322,SKU-00000006,3,490.39,2026-08-01T05:22:00+00:00
971,323,SKU-00000048,3,452.95,2026-08-01T05:23:00+00:00
972,323,SKU-00000025,3,65.77,2026-08-01T05:23:00+00:00
973,324,SKU-00000020,4,109.62,2026-08-01T05:24:00+00:00
974,325,SKU-00000009,1,25.81,2026-08-01T05:25:00+00:00
975,326,SKU-00000036,1,131.00,2026-08-01T05:26:00+00:00
976,326,SKU-00000033,1,366.77,2026-08-01T05:26:00+00:00
977,326,SKU-00000027,3,230.40,2026-08-01T05:26:00+00:00
978,326,SKU-00000007,5,362.40,2026-08-01T05:26:00+00:00
979,327,SKU-00000021,4,281.95,2026-08-01T05:27:00+00:00
980,327,SKU-00000025,1,65.77,2026-08-01T05:27:00+00:00
981,327,SKU-00000001,5,77.95,2026-08-01T05:27:00+00:00
982,327,SKU-00000019,2,9.24,2026-08-01T05:27:00+00:00
983,327,SKU-00000027,5,230.40,2026-08-01T05:27:00+00:00
984,328,SKU-00000011,3,157.46,2026-08-01T05:28:00+00:00
985,328,SKU-00000009,4,25.81,2026-08-01T05:28:00+00:00
986,328,SKU-00000018,2,187.30,2026-08-01T05:28:00+00:00
987,328,SKU-00000020,1,109.62,2026-08-01T05:28:00+00:00
988,329,SKU-00000027,1,230.40,2026-08-01T05:29:00+00:00
989,329,SKU-00000020,3,109.62,2026-08-01T05:29:00+00:00
990,329,SKU-00000031,3,86.79,2026-08-01T05:29:00+00:00
991,330,SKU-00000040,3,157.55,2026-08-01T05:30:00+00:00
992,330,SKU-00000013,1,372.80,2026-08-01T05:30:00+00:00
993,330,SKU-00000030,4,306.07,2026-08-01T05:30:00+00:00
994,330,SKU-00000007,3,362.40,2026-08-01T05:30:00+00:00
995,330,SKU-00000009,5,25.81,2026-08-01T05:30:00+00:00
996,331,SKU-00000022,2,187.09,2026-08-01T05:31:00+00:00
997,331,SKU-00000028,3,178.34,2026-08-01T05:31:00+00:00
998,331,SKU-00000042,3,187.16,2026-08-01T05:31:00+00:00
999,331,SKU-00000039,5,194.64,2026-08-01T05:31:00+00:00
1000,332,SKU-00000021,4,281.95,2026-08-01T05:32:00+00:00
1001,332,SKU-00000012,5,399.52,2026-08-01T05:32:00+00:00
1002,332,SKU-00000026,2,68.37,2026-08-01T05:32:00+00:00
1003,332,SKU-00000019,3,9.24,2026-08-01T05:32:00+00:00
1004,333,SKU-00000024,5,225.58,2026-08-01T05:33:00+00:00
1005,333,SKU-00000008,5,391.97,2026-08-01T05:33:00+00:00
1006,333,SKU-00000037,2,50.57,2026-08-01T05:33:00+00:00
1007,333,SKU-00000013,5,372.80,2026-08-01T05:33:00+00:00
1008,334,SKU-00000029,1,33.46,2026-08-01T05:34:00+00:00
1009,334,SKU-00000019,4,9.24,2026-08-01T05:34:00+00:00
1010,335,SKU-00000041,2,71.18,2026-08-01T05:35:00+00:00
1011,335,SKU-00000020,3,109.62,2026-08-01T05:35:00+00:00
1012,336,SKU-00000025,4,65.77,2026-08-01T05:36:00+00:00
1013,336,SKU-00000005,5,72.16,2026-08-01T05:36:00+00:00
1014,336,SKU-00000029,4,33.46,2026-08-01T05:36:00+00:00
1015,336,SKU-00000039,5,194.64,2026-08-01T05:36:00+00:00
1016,337,SKU-00000003,1,165.48,2026-08-01T05:37:00+00:00
1017,337,SKU-00000024,1,225.58,2026-08-01T05:37:00+00:00
1018,337,SKU-00000045,2,247.59,2026-08-01T05:37:00+00:00
1019,337,SKU-00000035,3,241.99,2026-08-01T05:37:00+00:00
1020,337,SKU-00000039,2,194.64,2026-08-01T05:37:00+00:00
1021,338,SKU-00000037,4,50.57,2026-08-01T05:38:00+00:00
1022,339,SKU-00000007,5,362.40,2026-08-01T05:39:00+00:00
1023,339,SKU-00000001,5,77.95,2026-08-01T05:39:00+00:00
1024,339,SKU-00000017,5,299.38,2026-08-01T05:39:00+00:00
1025,339,SKU-00000015,5,464.61,2026-08-01T05:39:00+00:00
1026,340,SKU-00000029,4,33.46,2026-08-01T05:40:00+00:00
1027,340,SKU-00000024,4,225.58,2026-08-01T05:40:00+00:00
1028,341,SKU-00000010,3,66.39,2026-08-01T05:41:00+00:00
1029,341,SKU-00000023,4,146.09,2026-08-01T05:41:00+00:00
1030,341,SKU-00000002,1,490.97,2026-08-01T05:41:00+00:00
1031,341,SKU-00000031,1,86.79,2026-08-01T05:41:00+00:00
1032,341,SKU-00000007,2,362.40,2026-08-01T05:41:00+00:00
1033,342,SKU-00000030,4,306.07,2026-08-01T05:42:00+00:00
1034,342,SKU-00000014,3,474.24,2026-08-01T05:42:00+00:00
1035,342,SKU-00000034,4,416.97,2026-08-01T05:42:00+00:00
1036,343,SKU-00000021,1,281.95,2026-08-01T05:43:00+00:00
1037,343,SKU-00000005,1,72.16,2026-08-01T05:43:00+00:00
1038,343,SKU-00000020,3,109.62,2026-08-01T05:43:00+00:00
1039,343,SKU-00000003,1,165.48,2026-08-01T05:43:00+00:00
1040,344,SKU-00000034,5,416.97,2026-08-01T05:44:00+00:00
1041,344,SKU-00000012,2,399.52,2026-08-01T05:44:00+00:00
1042,345,SKU-00000030,2,306.07,2026-08-01T05:45:00+00:00
1043,345,SKU-00000015,2,464.61,2026-08-01T05:45:00+00:00
1044,345,SKU-00000026,4,68.37,2026-08-01T05:45:00+00:00
1045,345,SKU-00000041,4,71.18,2026-08-01T05:45:00+00:00
1046,346,SKU-00000029,4,33.46,2026-08-01T05:46:00+00:00
1047,346,SKU-00000038,4,438.35,2026-08-01T05:46:00+00:00
1048,347,SKU-00000018,1,187.30,2026-08-01T05:47:00+00:00
1049,347,SKU-00000049,5,51.78,2026-08-01T05:47:00+00:00
1050,348,SKU-00000024,2,225.58,2026-08-01T05:48:00+00:00
1051,348,SKU-00000021,4,281.95,2026-08-01T05:48:00+00:00
1052,349,SKU-00000034,4,416.97,2026-08-01T05:49:00+00:00
1053,349,SKU-00000041,5,71.18,2026-08-01T05:49:00+00:00
1054,349,SKU-00000021,4,281.95,2026-08-01T05:49:00+00:00
1055,349,SKU-00000039,5,194.64,2026-08-01T05:49:00+00:00
1056,350,SKU-00000030,3,306.07,2026-08-01T05:50:00+00:00
1057,350,SKU-00000040,5,157.55,2026-08-01T05:50:00+00:00
1058,350,SKU-00000012,5,399.52,2026-08-01T05:50:00+00:00
1059,351,SKU-00000008,1,391.97,2026-08-01T05:51:00+00:00
1060,351,SKU-00000016,2,279.92,2026-08-01T05:51:00+00:00
1061,351,SKU-00000020,3,109.62,2026-08-01T05:51:00+00:00
1062,352,SKU-00000025,4,65.77,2026-08-01T05:52:00+00:00
1063,352,SKU-00000027,4,230.40,2026-08-01T05:52:00+00:00
1064,352,SKU-00000039,2,194.64,2026-08-01T05:52:00+00:00
1065,352,SKU-00000009,4,25.81,2026-08-01T05:52:00+00:00
1066,352,SKU-00000037,5,50.57,2026-08-01T05:52:00+00:00
1067,353,SKU-00000011,3,157.46,2026-08-01T05:53:00+00:00
1068,353,SKU-00000032,4,253.06,2026-08-01T05:53:00+00:00
1069,353,SKU-00000019,5,9.24,2026-08-01T05:53:00+00:00
1070,353,SKU-00000009,1,25.81,2026-08-01T05:53:00+00:00
1071,353,SKU-00000012,3,399.52,2026-08-01T05:53:00+00:00
1072,354,SKU-00000013,5,372.80,2026-08-01T05:54:00+00:00
1073,354,SKU-00000025,5,65.77,2026-08-01T05:54:00+00:00
1074,355,SKU-00000044,4,244.08,2026-08-01T05:55:00+00:00
1075,355,SKU-00000032,4,253.06,2026-08-01T05:55:00+00:00
1076,355,SKU-00000027,2,230.40,2026-08-01T05:55:00+00:00
1077,355,SKU-00000046,1,142.29,2026-08-01T05:55:00+00:00
1078,356,SKU-00000019,3,9.24,2026-08-01T05:56:00+00:00
1079,356,SKU-00000003,2,165.48,2026-08-01T05:56:00+00:00
1080,357,SKU-00000050,5,421.12,2026-08-01T05:57:00+00:00
1081,357,SKU-00000030,4,306.07,2026-08-01T05:57:00+00:00
1082,358,SKU-00000037,1,50.57,2026-08-01T05:58:00+00:00
1083,359,SKU-00000035,4,241.99,2026-08-01T05:59:00+00:00
1084,359,SKU-00000049,5,51.78,2026-08-01T05:59:00+00:00
1085,359,SKU-00000003,2,165.48,2026-08-01T05:59:00+00:00
1086,360,SKU-00000020,4,109.62,2026-08-01T06:00:00+00:00
1087,360,SKU-00000003,3,165.48,2026-08-01T06:00:00+00:00
1088,361,SKU-00000008,5,391.97,2026-08-01T06:01:00+00:00
1089,361,SKU-00000050,3,421.12,2026-08-01T06:01:00+00:00
1090,361,SKU-00000016,5,279.92,2026-08-01T06:01:00+00:00
1091,361,SKU-00000014,4,474.24,2026-08-01T06:01:00+00:00
1092,362,SKU-00000014,5,474.24,2026-08-01T06:02:00+00:00
1093,362,SKU-00000004,3,96.43,2026-08-01T06:02:00+00:00
1094,363,SKU-00000035,3,241.99,2026-08-01T06:03:00+00:00
1095,363,SKU-00000011,5,157.46,2026-08-01T06:03:00+00:00
1096,363,SKU-00000021,3,281.95,2026-08-01T06:03:00+00:00
1097,363,SKU-00000046,5,142.29,2026-08-01T06:03:00+00:00
1098,363,SKU-00000019,1,9.24,2026-08-01T06:03:00+00:00
1099,364,SKU-00000018,2,187.30,2026-08-01T06:04:00+00:00
1100,365,SKU-00000010,3,66.39,2026-08-01T06:05:00+00:00
1101,365,SKU-00000046,2,142.29,2026-08-01T06:05:00+00:00
1102,366,SKU-00000010,4,66.39,2026-08-01T06:06:00+00:00
1103,366,SKU-00000037,4,50.57,2026-08-01T06:06:00+00:00
1104,366,SKU-00000041,4,71.18,2026-08-01T06:06:00+00:00
1105,366,SKU-00000018,1,187.30,2026-08-01T06:06:00+00:00
1106,367,SKU-00000033,3,366.77,2026-08-01T06:07:00+00:00
1107,367,SKU-00000048,4,452.95,2026-08-01T06:07:00+00:00
1108,367,SKU-00000018,4,187.30,2026-08-01T06:07:00+00:00
1109,367,SKU-00000045,3,247.59,2026-08-01T06:07:00+00:00
1110,368,SKU-00000047,4,179.95,2026-08-01T06:08:00+00:00
1111,369,SKU-00000035,4,241.99,2026-08-01T06:09:00+00:00
1112,370,SKU-00000032,3,253.06,2026-08-01T06:10:00+00:00
1113,370,SKU-00000018,3,187.30,2026-08-01T06:10:00+00:00
1114,371,SKU-00000009,1,25.81,2026-08-01T06:11:00+00:00
1115,371,SKU-00000037,1,50.57,2026-08-01T06:11:00+00:00
1116,371,SKU-00000032,1,253.06,2026-08-01T06:11:00+00:00
1117,371,SKU-00000022,4,187.09,2026-08-01T06:11:00+00:00
1118,371,SKU-00000044,1,244.08,2026-08-01T06:11:00+00:00
1119,372,SKU-00000030,2,306.07,2026-08-01T06:12:00+00:00
1120,372,SKU-00000001,3,77.95,2026-08-01T06:12:00+00:00
1121,372,SKU-00000028,2,178.34,2026-08-01T06:12:00+00:00
1122,372,SKU-00000013,3,372.80,2026-08-01T06:12:00+00:00
1123,373,SKU-00000006,2,490.39,2026-08-01T06:13:00+00:00
1124,373,SKU-00000024,1,225.58,2026-08-01T06:13:00+00:00
1125,373,SKU-00000043,4,421.59,2026-08-01T06:13:00+00:00
1126,374,SKU-00000028,1,178.34,2026-08-01T06:14:00+00:00
1127,374,SKU-00000042,1,187.16,2026-08-01T06:14:00+00:00
1128,375,SKU-00000005,5,72.16,2026-08-01T06:15:00+00:00
1129,375,SKU-00000009,4,25.81,2026-08-01T06:15:00+00:00
1130,375,SKU-00000038,1,438.35,2026-08-01T06:15:00+00:00
1131,375,SKU-00000015,1,464.61,2026-08-01T06:15:00+00:00
1132,376,SKU-00000028,2,178.34,2026-08-01T06:16:00+00:00
1133,377,SKU-00000025,1,65.77,2026-08-01T06:17:00+00:00
1134,377,SKU-00000006,1,490.39,2026-08-01T06:17:00+00:00
1135,378,SKU-00000009,2,25.81,2026-08-01T06:18:00+00:00
1136,378,SKU-00000025,2,65.77,2026-08-01T06:18:00+00:00
1137,378,SKU-00000050,1,421.12,2026-08-01T06:18:00+00:00
1138,379,SKU-00000040,2,157.55,2026-08-01T06:19:00+00:00
1139,380,SKU-00000041,2,71.18,2026-08-01T06:20:00+00:00
1140,380,SKU-00000048,4,452.95,2026-08-01T06:20:00+00:00
1141,381,SKU-00000006,2,490.39,2026-08-01T06:21:00+00:00
1142,381,SKU-00000007,1,362.40,2026-08-01T06:21:00+00:00
1143,382,SKU-00000028,2,178.34,2026-08-01T06:22:00+00:00
1144,382,SKU-00000021,3,281.95,2026-08-01T06:22:00+00:00
1145,382,SKU-00000009,1,25.81,2026-08-01T06:22:00+00:00
1146,383,SKU-00000039,1,194.64,2026-08-01T06:23:00+00:00
1147,383,SKU-00000047,3,179.95,2026-08-01T06:23:00+00:00
1148,383,SKU-00000019,2,9.24,2026-08-01T06:23:00+00:00
1149,383,SKU-00000050,5,421.12,2026-08-01T06:23:00+00:00
1150,383,SKU-00000045,5,247.59,2026-08-01T06:23:00+00:00
1151,384,SKU-00000019,4,9.24,2026-08-01T06:24:00+00:00
1152,384,SKU-00000042,4,187.16,2026-08-01T06:24:00+00:00
1153,384,SKU-00000004,1,96.43,2026-08-01T06:24:00+00:00
1154,384,SKU-00000016,2,279.92,2026-08-01T06:24:00+00:00
1155,385,SKU-00000034,1,416.97,2026-08-01T06:25:00+00:00
1156,386,SKU-00000025,4,65.77,2026-08-01T06:26:00+00:00
1157,386,SKU-00000037,3,50.57,2026-08-01T06:26:00+00:00
1158,387,SKU-00000050,1,421.12,2026-08-01T06:27:00+00:00
1159,387,SKU-00000005,1,72.16,2026-08-01T06:27:00+00:00
1160,387,SKU-00000002,3,490.97,2026-08-01T06:27:00+00:00
1161,387,SKU-00000038,2,438.35,2026-08-01T06:27:00+00:00
1162,388,SKU-00000033,5,366.77,2026-08-01T06:28:00+00:00
1163,388,SKU-00000019,4,9.24,2026-08-01T06:28:00+00:00
1164,388,SKU-00000041,4,71.18,2026-08-01T06:28:00+00:00
1165,388,SKU-00000046,4,142.29,2026-08-01T06:28:00+00:00
1166,389,SKU-00000040,1,157.55,2026-08-01T06:29:00+00:00
1167,389,SKU-00000010,5,66.39,2026-08-01T06:29:00+00:00
1168,389,SKU-00000018,2,187.30,2026-08-01T06:29:00+00:00
1169,389,SKU-00000006,2,490.39,2026-08-01T06:29:00+00:00
1170,389,SKU-00000020,5,109.62,2026-08-01T06:29:00+00:00
1171,390,SKU-00000041,3,71.18,2026-08-01T06:30:00+00:00
1172,390,SKU-00000049,4,51.78,2026-08-01T06:30:00+00:00
1173,390,SKU-00000042,2,187.16,2026-08-01T06:30:00+00:00
1174,390,SKU-00000044,1,244.08,2026-08-01T06:30:00+00:00
1175,390,SKU-00000005,2,72.16,2026-08-01T06:30:00+00:00
1176,391,SKU-00000030,5,306.07,2026-08-01T06:31:00+00:00
1177,392,SKU-00000043,1,421.59,2026-08-01T06:32:00+00:00
1178,392,SKU-00000048,1,452.95,2026-08-01T06:32:00+00:00
1179,392,SKU-00000012,2,399.52,2026-08-01T06:32:00+00:00
1180,393,SKU-00000032,5,253.06,2026-08-01T06:33:00+00:00
1181,393,SKU-00000023,5,146.09,2026-08-01T06:33:00+00:00
1182,394,SKU-00000024,3,225.58,2026-08-01T06:34:00+00:00
1183,394,SKU-00000009,1,25.81,2026-08-01T06:34:00+00:00
1184,395,SKU-00000028,1,178.34,2026-08-01T06:35:00+00:00
1185,395,SKU-00000018,3,187.30,2026-08-01T06:35:00+00:00
1186,395,SKU-00000034,5,416.97,2026-08-01T06:35:00+00:00
1187,396,SKU-00000030,4,306.07,2026-08-01T06:36:00+00:00
1188,396,SKU-00000033,5,366.77,2026-08-01T06:36:00+00:00
1189,396,SKU-00000024,2,225.58,2026-08-01T06:36:00+00:00
1190,396,SKU-00000004,3,96.43,2026-08-01T06:36:00+00:00
1191,397,SKU-00000037,1,50.57,2026-08-01T06:37:00+00:00
1192,398,SKU-00000003,1,165.48,2026-08-01T06:38:00+00:00
1193,399,SKU-00000024,1,225.58,2026-08-01T06:39:00+00:00
1194,399,SKU-00000025,5,65.77,2026-08-01T06:39:00+00:00
1195,399,SKU-00000010,4,66.39,2026-08-01T06:39:00+00:00
1196,399,SKU-00000012,2,399.52,2026-08-01T06:39:00+00:00
1197,400,SKU-00000047,5,179.95,2026-08-01T06:40:00+00:00
1198,400,SKU-00000021,3,281.95,2026-08-01T06:40:00+00:00
1199,400,SKU-00000018,1,187.30,2026-08-01T06:40:00+00:00
1200,400,SKU-00000005,5,72.16,2026-08-01T06:40:00+00:00
1201,401,SKU-00000015,1,464.61,2026-08-01T06:41:00+00:00
1202,401,SKU-00000034,4,416.97,2026-08-01T06:41:00+00:00
1203,402,SKU-00000050,1,421.12,2026-08-01T06:42:00+00:00
1204,402,SKU-00000020,5,109.62,2026-08-01T06:42:00+00:00
1205,402,SKU-00000021,4,281.95,2026-08-01T06:42:00+00:00
1206,403,SKU-00000019,3,9.24,2026-08-01T06:43:00+00:00
1207,403,SKU-00000037,5,50.57,2026-08-01T06:43:00+00:00
1208,404,SKU-00000038,2,438.35,2026-08-01T06:44:00+00:00
1209,404,SKU-00000032,5,253.06,2026-08-01T06:44:00+00:00
1210,404,SKU-00000050,2,421.12,2026-08-01T06:44:00+00:00
1211,405,SKU-00000002,1,490.97,2026-08-01T06:45:00+00:00
1212,405,SKU-00000015,3,464.61,2026-08-01T06:45:00+00:00
1213,405,SKU-00000035,1,241.99,2026-08-01T06:45:00+00:00
1214,405,SKU-00000023,4,146.09,2026-08-01T06:45:00+00:00
1215,406,SKU-00000014,5,474.24,2026-08-01T06:46:00+00:00
1216,407,SKU-00000004,1,96.43,2026-08-01T06:47:00+00:00
1217,407,SKU-00000010,1,66.39,2026-08-01T06:47:00+00:00
1218,407,SKU-00000046,2,142.29,2026-08-01T06:47:00+00:00
1219,407,SKU-00000018,5,187.30,2026-08-01T06:47:00+00:00
1220,408,SKU-00000048,5,452.95,2026-08-01T06:48:00+00:00
1221,408,SKU-00000006,2,490.39,2026-08-01T06:48:00+00:00
1222,408,SKU-00000038,4,438.35,2026-08-01T06:48:00+00:00
1223,408,SKU-00000007,1,362.40,2026-08-01T06:48:00+00:00
1224,409,SKU-00000028,2,178.34,2026-08-01T06:49:00+00:00
1225,410,SKU-00000021,3,281.95,2026-08-01T06:50:00+00:00
1226,410,SKU-00000026,3,68.37,2026-08-01T06:50:00+00:00
1227,410,SKU-00000045,4,247.59,2026-08-01T06:50:00+00:00
1228,411,SKU-00000013,2,372.80,2026-08-01T06:51:00+00:00
1229,412,SKU-00000010,1,66.39,2026-08-01T06:52:00+00:00
1230,413,SKU-00000021,3,281.95,2026-08-01T06:53:00+00:00
1231,413,SKU-00000027,2,230.40,2026-08-01T06:53:00+00:00
1232,413,SKU-00000008,4,391.97,2026-08-01T06:53:00+00:00
1233,413,SKU-00000035,3,241.99,2026-08-01T06:53:00+00:00
1234,414,SKU-00000006,2,490.39,2026-08-01T06:54:00+00:00
1235,415,SKU-00000003,2,165.48,2026-08-01T06:55:00+00:00
1236,415,SKU-00000014,3,474.24,2026-08-01T06:55:00+00:00
1237,415,SKU-00000021,4,281.95,2026-08-01T06:55:00+00:00
1238,415,SKU-00000010,5,66.39,2026-08-01T06:55:00+00:00
1239,415,SKU-00000006,1,490.39,2026-08-01T06:55:00+00:00
1240,416,SKU-00000012,4,399.52,2026-08-01T06:56:00+00:00
1241,416,SKU-00000002,5,490.97,2026-08-01T06:56:00+00:00
1242,416,SKU-00000026,5,68.37,2026-08-01T06:56:00+00:00
1243,417,SKU-00000007,1,362.40,2026-08-01T06:57:00+00:00
1244,417,SKU-00000009,2,25.81,2026-08-01T06:57:00+00:00
1245,417,SKU-00000008,2,391.97,2026-08-01T06:57:00+00:00
1246,417,SKU-00000001,2,77.95,2026-08-01T06:57:00+00:00
1247,418,SKU-00000038,5,438.35,2026-08-01T06:58:00+00:00
1248,419,SKU-00000005,2,72.16,2026-08-01T06:59:00+00:00
1249,420,SKU-00000006,1,490.39,2026-08-01T07:00:00+00:00
1250,420,SKU-00000022,1,187.09,2026-08-01T07:00:00+00:00
1251,421,SKU-00000037,4,50.57,2026-08-01T07:01:00+00:00
1252,421,SKU-00000028,4,178.34,2026-08-01T07:01:00+00:00
1253,422,SKU-00000012,3,399.52,2026-08-01T07:02:00+00:00
1254,422,SKU-00000023,4,146.09,2026-08-01T07:02:00+00:00
1255,422,SKU-00000014,2,474.24,2026-08-01T07:02:00+00:00
1256,422,SKU-00000018,1,187.30,2026-08-01T07:02:00+00:00
1257,423,SKU-00000016,5,279.92,2026-08-01T07:03:00+00:00
1258,423,SKU-00000042,4,187.16,2026-08-01T07:03:00+00:00
1259,423,SKU-00000019,1,9.24,2026-08-01T07:03:00+00:00
1260,423,SKU-00000032,1,253.06,2026-08-01T07:03:00+00:00
1261,423,SKU-00000027,3,230.40,2026-08-01T07:03:00+00:00
1262,424,SKU-00000013,5,372.80,2026-08-01T07:04:00+00:00
1263,424,SKU-00000042,1,187.16,2026-08-01T07:04:00+00:00
1264,424,SKU-00000034,4,416.97,2026-08-01T07:04:00+00:00
1265,424,SKU-00000016,3,279.92,2026-08-01T07:04:00+00:00
1266,425,SKU-00000023,4,146.09,2026-08-01T07:05:00+00:00
1267,425,SKU-00000037,3,50.57,2026-08-01T07:05:00+00:00
1268,425,SKU-00000033,2,366.77,2026-08-01T07:05:00+00:00
1269,425,SKU-00000021,1,281.95,2026-08-01T07:05:00+00:00
1270,426,SKU-00000002,3,490.97,2026-08-01T07:06:00+00:00
1271,426,SKU-00000050,1,421.12,2026-08-01T07:06:00+00:00
1272,427,SKU-00000050,2,421.12,2026-08-01T07:07:00+00:00
1273,427,SKU-00000038,1,438.35,2026-08-01T07:07:00+00:00
1274,427,SKU-00000015,2,464.61,2026-08-01T07:07:00+00:00
1275,428,SKU-00000035,2,241.99,2026-08-01T07:08:00+00:00
1276,428,SKU-00000048,5,452.95,2026-08-01T07:08:00+00:00
1277,428,SKU-00000004,4,96.43,2026-08-01T07:08:00+00:00
1278,429,SKU-00000016,3,279.92,2026-08-01T07:09:00+00:00
1279,429,SKU-00000038,3,438.35,2026-08-01T07:09:00+00:00
1280,430,SKU-00000037,4,50.57,2026-08-01T07:10:00+00:00
1281,430,SKU-00000010,5,66.39,2026-08-01T07:10:00+00:00
1282,430,SKU-00000013,3,372.80,2026-08-01T07:10:00+00:00
1283,431,SKU-00000006,1,490.39,2026-08-01T07:11:00+00:00
1284,432,SKU-00000002,4,490.97,2026-08-01T07:12:00+00:00
1285,432,SKU-00000034,1,416.97,2026-08-01T07:12:00+00:00
1286,433,SKU-00000009,2,25.81,2026-08-01T07:13:00+00:00
1287,433,SKU-00000022,3,187.09,2026-08-01T07:13:00+00:00
1288,434,SKU-00000038,2,438.35,2026-08-01T07:14:00+00:00
1289,434,SKU-00000046,1,142.29,2026-08-01T07:14:00+00:00
1290,435,SKU-00000024,4,225.58,2026-08-01T07:15:00+00:00
1291,436,SKU-00000020,2,109.62,2026-08-01T07:16:00+00:00
1292,436,SKU-00000021,4,281.95,2026-08-01T07:16:00+00:00
1293,436,SKU-00000009,4,25.81,2026-08-01T07:16:00+00:00
1294,437,SKU-00000046,5,142.29,2026-08-01T07:17:00+00:00
1295,437,SKU-00000036,3,131.00,2026-08-01T07:17:00+00:00
1296,438,SKU-00000025,3,65.77,2026-08-01T07:18:00+00:00
1297,438,SKU-00000020,2,109.62,2026-08-01T07:18:00+00:00
1298,439,SKU-00000026,5,68.37,2026-08-01T07:19:00+00:00
1299,439,SKU-00000050,3,421.12,2026-08-01T07:19:00+00:00
1300,439,SKU-00000037,5,50.57,2026-08-01T07:19:00+00:00
1301,439,SKU-00000003,2,165.48,2026-08-01T07:19:00+00:00
1302,439,SKU-00000012,5,399.52,2026-08-01T07:19:00+00:00
1303,440,SKU-00000022,1,187.09,2026-08-01T07:20:00+00:00
1304,440,SKU-00000048,2,452.95,2026-08-01T07:20:00+00:00
1305,441,SKU-00000041,3,71.18,2026-08-01T07:21:00+00:00
1306,441,SKU-00000006,4,490.39,2026-08-01T07:21:00+00:00
1307,442,SKU-00000016,1,279.92,2026-08-01T07:22:00+00:00
1308,442,SKU-00000045,3,247.59,2026-08-01T07:22:00+00:00
1309,443,SKU-00000004,4,96.43,2026-08-01T07:23:00+00:00
1310,444,SKU-00000027,4,230.40,2026-08-01T07:24:00+00:00
1311,444,SKU-00000032,3,253.06,2026-08-01T07:24:00+00:00
1312,445,SKU-00000031,5,86.79,2026-08-01T07:25:00+00:00
1313,446,SKU-00000029,1,33.46,2026-08-01T07:26:00+00:00
1314,446,SKU-00000005,3,72.16,2026-08-01T07:26:00+00:00
1315,447,SKU-00000007,2,362.40,2026-08-01T07:27:00+00:00
1316,447,SKU-00000005,4,72.16,2026-08-01T07:27:00+00:00
1317,447,SKU-00000022,2,187.09,2026-08-01T07:27:00+00:00
1318,448,SKU-00000006,1,490.39,2026-08-01T07:28:00+00:00
1319,448,SKU-00000022,4,187.09,2026-08-01T07:28:00+00:00
1320,448,SKU-00000039,2,194.64,2026-08-01T07:28:00+00:00
1321,448,SKU-00000040,5,157.55,2026-08-01T07:28:00+00:00
1322,448,SKU-00000031,4,86.79,2026-08-01T07:28:00+00:00
1323,449,SKU-00000022,2,187.09,2026-08-01T07:29:00+00:00
1324,450,SKU-00000047,3,179.95,2026-08-01T07:30:00+00:00
1325,450,SKU-00000035,2,241.99,2026-08-01T07:30:00+00:00
1326,450,SKU-00000017,1,299.38,2026-08-01T07:30:00+00:00
1327,450,SKU-00000043,1,421.59,2026-08-01T07:30:00+00:00
1328,450,SKU-00000019,4,9.24,2026-08-01T07:30:00+00:00
1329,451,SKU-00000010,4,66.39,2026-08-01T07:31:00+00:00
1330,451,SKU-00000004,1,96.43,2026-08-01T07:31:00+00:00
1331,451,SKU-00000024,3,225.58,2026-08-01T07:31:00+00:00
1332,451,SKU-00000001,5,77.95,2026-08-01T07:31:00+00:00
1333,452,SKU-00000002,2,490.97,2026-08-01T07:32:00+00:00
1334,453,SKU-00000031,1,86.79,2026-08-01T07:33:00+00:00
1335,454,SKU-00000032,5,253.06,2026-08-01T07:34:00+00:00
1336,454,SKU-00000043,4,421.59,2026-08-01T07:34:00+00:00
1337,454,SKU-00000017,2,299.38,2026-08-01T07:34:00+00:00
1338,454,SKU-00000006,3,490.39,2026-08-01T07:34:00+00:00
1339,455,SKU-00000029,3,33.46,2026-08-01T07:35:00+00:00
1340,455,SKU-00000003,4,165.48,2026-08-01T07:35:00+00:00
1341,456,SKU-00000018,1,187.30,2026-08-01T07:36:00+00:00
1342,456,SKU-00000037,2,50.57,2026-08-01T07:36:00+00:00
1343,457,SKU-00000043,3,421.59,2026-08-01T07:37:00+00:00
1344,458,SKU-00000015,4,464.61,2026-08-01T07:38:00+00:00
1345,458,SKU-00000036,5,131.00,2026-08-01T07:38:00+00:00
1346,458,SKU-00000004,4,96.43,2026-08-01T07:38:00+00:00
1347,458,SKU-00000025,5,65.77,2026-08-01T07:38:00+00:00
1348,458,SKU-00000034,2,416.97,2026-08-01T07:38:00+00:00
1349,459,SKU-00000026,1,68.37,2026-08-01T07:39:00+00:00
1350,460,SKU-00000037,4,50.57,2026-08-01T07:40:00+00:00
1351,460,SKU-00000044,2,244.08,2026-08-01T07:40:00+00:00
1352,460,SKU-00000040,2,157.55,2026-08-01T07:40:00+00:00
1353,460,SKU-00000010,2,66.39,2026-08-01T07:40:00+00:00
1354,460,SKU-00000008,2,391.97,2026-08-01T07:40:00+00:00
1355,461,SKU-00000006,2,490.39,2026-08-01T07:41:00+00:00
1356,461,SKU-00000044,5,244.08,2026-08-01T07:41:00+00:00
1357,461,SKU-00000028,3,178.34,2026-08-01T07:41:00+00:00
1358,461,SKU-00000013,3,372.80,2026-08-01T07:41:00+00:00
1359,462,SKU-00000025,5,65.77,2026-08-01T07:42:00+00:00
1360,463,SKU-00000018,1,187.30,2026-08-01T07:43:00+00:00
1361,463,SKU-00000034,5,416.97,2026-08-01T07:43:00+00:00
1362,463,SKU-00000030,5,306.07,2026-08-01T07:43:00+00:00
1363,464,SKU-00000027,2,230.40,2026-08-01T07:44:00+00:00
1364,465,SKU-00000038,1,438.35,2026-08-01T07:45:00+00:00
1365,465,SKU-00000049,3,51.78,2026-08-01T07:45:00+00:00
1366,465,SKU-00000007,5,362.40,2026-08-01T07:45:00+00:00
1367,465,SKU-00000037,3,50.57,2026-08-01T07:45:00+00:00
1368,465,SKU-00000050,4,421.12,2026-08-01T07:45:00+00:00
1369,466,SKU-00000037,2,50.57,2026-08-01T07:46:00+00:00
1370,466,SKU-00000039,3,194.64,2026-08-01T07:46:00+00:00
1371,466,SKU-00000031,4,86.79,2026-08-01T07:46:00+00:00
1372,466,SKU-00000003,2,165.48,2026-08-01T07:46:00+00:00
1373,467,SKU-00000003,2,165.48,2026-08-01T07:47:00+00:00
1374,467,SKU-00000026,1,68.37,2026-08-01T07:47:00+00:00
1375,467,SKU-00000022,4,187.09,2026-08-01T07:47:00+00:00
1376,467,SKU-00000045,3,247.59,2026-08-01T07:47:00+00:00
1377,468,SKU-00000020,1,109.62,2026-08-01T07:48:00+00:00
1378,468,SKU-00000018,2,187.30,2026-08-01T07:48:00+00:00
1379,468,SKU-00000032,2,253.06,2026-08-01T07:48:00+00:00
1380,469,SKU-00000018,5,187.30,2026-08-01T07:49:00+00:00
1381,469,SKU-00000047,1,179.95,2026-08-01T07:49:00+00:00
1382,469,SKU-00000027,2,230.40,2026-08-01T07:49:00+00:00
1383,470,SKU-00000048,3,452.95,2026-08-01T07:50:00+00:00
1384,470,SKU-00000032,1,253.06,2026-08-01T07:50:00+00:00
1385,470,SKU-00000049,5,51.78,2026-08-01T07:50:00+00:00
1386,470,SKU-00000034,2,416.97,2026-08-01T07:50:00+00:00
1387,471,SKU-00000026,1,68.37,2026-08-01T07:51:00+00:00
1388,471,SKU-00000009,2,25.81,2026-08-01T07:51:00+00:00
1389,471,SKU-00000050,2,421.12,2026-08-01T07:51:00+00:00
1390,471,SKU-00000034,2,416.97,2026-08-01T07:51:00+00:00
1391,471,SKU-00000037,1,50.57,2026-08-01T07:51:00+00:00
1392,472,SKU-00000004,3,96.43,2026-08-01T07:52:00+00:00
1393,472,SKU-00000024,3,225.58,2026-08-01T07:52:00+00:00
1394,472,SKU-00000046,4,142.29,2026-08-01T07:52:00+00:00
1395,472,SKU-00000013,5,372.80,2026-08-01T07:52:00+00:00
1396,473,SKU-00000016,3,279.92,2026-08-01T07:53:00+00:00
1397,474,SKU-00000012,3,399.52,2026-08-01T07:54:00+00:00
1398,474,SKU-00000031,3,86.79,2026-08-01T07:54:00+00:00
1399,474,SKU-00000038,2,438.35,2026-08-01T07:54:00+00:00
1400,474,SKU-00000036,3,131.00,2026-08-01T07:54:00+00:00
1401,475,SKU-00000002,2,490.97,2026-08-01T07:55:00+00:00
1402,475,SKU-00000025,5,65.77,2026-08-01T07:55:00+00:00
1403,475,SKU-00000004,2,96.43,2026-08-01T07:55:00+00:00
1404,476,SKU-00000018,4,187.30,2026-08-01T07:56:00+00:00
1405,476,SKU-00000042,5,187.16,2026-08-01T07:56:00+00:00
1406,477,SKU-00000009,1,25.81,2026-08-01T07:57:00+00:00
1407,477,SKU-00000042,2,187.16,2026-08-01T07:57:00+00:00
1408,477,SKU-00000012,3,399.52,2026-08-01T07:57:00+00:00
1409,477,SKU-00000039,5,194.64,2026-08-01T07:57:00+00:00
1410,478,SKU-00000025,2,65.77,2026-08-01T07:58:00+00:00
1411,478,SKU-00000023,4,146.09,2026-08-01T07:58:00+00:00
1412,478,SKU-00000030,3,306.07,2026-08-01T07:58:00+00:00
1413,478,SKU-00000017,5,299.38,2026-08-01T07:58:00+00:00
1414,479,SKU-00000007,5,362.40,2026-08-01T07:59:00+00:00
1415,479,SKU-00000001,5,77.95,2026-08-01T07:59:00+00:00
1416,479,SKU-00000033,5,366.77,2026-08-01T07:59:00+00:00
1417,479,SKU-00000043,3,421.59,2026-08-01T07:59:00+00:00
1418,479,SKU-00000024,3,225.58,2026-08-01T07:59:00+00:00
1419,480,SKU-00000005,3,72.16,2026-08-01T08:00:00+00:00
1420,480,SKU-00000022,3,187.09,2026-08-01T08:00:00+00:00
1421,480,SKU-00000018,3,187.30,2026-08-01T08:00:00+00:00
1422,480,SKU-00000041,3,71.18,2026-08-01T08:00:00+00:00
1423,481,SKU-00000049,3,51.78,2026-08-01T08:01:00+00:00
1424,481,SKU-00000016,2,279.92,2026-08-01T08:01:00+00:00
1425,481,SKU-00000004,1,96.43,2026-08-01T08:01:00+00:00
1426,481,SKU-00000039,4,194.64,2026-08-01T08:01:00+00:00
1427,481,SKU-00000026,3,68.37,2026-08-01T08:01:00+00:00
1428,482,SKU-00000025,5,65.77,2026-08-01T08:02:00+00:00
1429,482,SKU-00000048,2,452.95,2026-08-01T08:02:00+00:00
1430,482,SKU-00000003,3,165.48,2026-08-01T08:02:00+00:00
1431,482,SKU-00000038,2,438.35,2026-08-01T08:02:00+00:00
1432,483,SKU-00000043,2,421.59,2026-08-01T08:03:00+00:00
1433,483,SKU-00000023,5,146.09,2026-08-01T08:03:00+00:00
1434,483,SKU-00000033,2,366.77,2026-08-01T08:03:00+00:00
1435,483,SKU-00000020,3,109.62,2026-08-01T08:03:00+00:00
1436,484,SKU-00000048,5,452.95,2026-08-01T08:04:00+00:00
1437,484,SKU-00000017,2,299.38,2026-08-01T08:04:00+00:00
1438,485,SKU-00000015,3,464.61,2026-08-01T08:05:00+00:00
1439,486,SKU-00000022,3,187.09,2026-08-01T08:06:00+00:00
1440,486,SKU-00000024,4,225.58,2026-08-01T08:06:00+00:00
1441,486,SKU-00000017,1,299.38,2026-08-01T08:06:00+00:00
1442,486,SKU-00000038,4,438.35,2026-08-01T08:06:00+00:00
1443,487,SKU-00000040,1,157.55,2026-08-01T08:07:00+00:00
1444,487,SKU-00000005,4,72.16,2026-08-01T08:07:00+00:00
1445,487,SKU-00000031,5,86.79,2026-08-01T08:07:00+00:00
1446,487,SKU-00000013,3,372.80,2026-08-01T08:07:00+00:00
1447,487,SKU-00000033,4,366.77,2026-08-01T08:07:00+00:00
1448,488,SKU-00000013,4,372.80,2026-08-01T08:08:00+00:00
1449,488,SKU-00000022,5,187.09,2026-08-01T08:08:00+00:00
1450,489,SKU-00000046,1,142.29,2026-08-01T08:09:00+00:00
1451,489,SKU-00000012,4,399.52,2026-08-01T08:09:00+00:00
1452,489,SKU-00000050,3,421.12,2026-08-01T08:09:00+00:00
1453,490,SKU-00000041,4,71.18,2026-08-01T08:10:00+00:00
1454,490,SKU-00000004,3,96.43,2026-08-01T08:10:00+00:00
1455,490,SKU-00000001,2,77.95,2026-08-01T08:10:00+00:00
1456,491,SKU-00000049,2,51.78,2026-08-01T08:11:00+00:00
1457,491,SKU-00000011,5,157.46,2026-08-01T08:11:00+00:00
1458,491,SKU-00000032,4,253.06,2026-08-01T08:11:00+00:00
1459,491,SKU-00000050,4,421.12,2026-08-01T08:11:00+00:00
1460,491,SKU-00000006,4,490.39,2026-08-01T08:11:00+00:00
1461,492,SKU-00000001,3,77.95,2026-08-01T08:12:00+00:00
1462,492,SKU-00000003,1,165.48,2026-08-01T08:12:00+00:00
1463,492,SKU-00000035,3,241.99,2026-08-01T08:12:00+00:00
1464,492,SKU-00000013,5,372.80,2026-08-01T08:12:00+00:00
1465,493,SKU-00000041,2,71.18,2026-08-01T08:13:00+00:00
1466,494,SKU-00000009,5,25.81,2026-08-01T08:14:00+00:00
1467,494,SKU-00000007,5,362.40,2026-08-01T08:14:00+00:00
1468,494,SKU-00000025,3,65.77,2026-08-01T08:14:00+00:00
1469,495,SKU-00000020,3,109.62,2026-08-01T08:15:00+00:00
1470,496,SKU-00000034,3,416.97,2026-08-01T08:16:00+00:00
1471,496,SKU-00000022,4,187.09,2026-08-01T08:16:00+00:00
1472,496,SKU-00000028,3,178.34,2026-08-01T08:16:00+00:00
1473,496,SKU-00000044,2,244.08,2026-08-01T08:16:00+00:00
1474,496,SKU-00000009,2,25.81,2026-08-01T08:16:00+00:00
1475,497,SKU-00000015,2,464.61,2026-08-01T08:17:00+00:00
1476,497,SKU-00000047,2,179.95,2026-08-01T08:17:00+00:00
1477,498,SKU-00000033,1,366.77,2026-08-01T08:18:00+00:00
1478,498,SKU-00000011,4,157.46,2026-08-01T08:18:00+00:00
1479,498,SKU-00000008,3,391.97,2026-08-01T08:18:00+00:00
1480,498,SKU-00000024,5,225.58,2026-08-01T08:18:00+00:00
1481,498,SKU-00000046,5,142.29,2026-08-01T08:18:00+00:00
1482,499,SKU-00000043,1,421.59,2026-08-01T08:19:00+00:00
1483,500,SKU-00000045,1,247.59,2026-08-01T08:20:00+00:00
